English,Icelandic
12-step meeting,tólfspora fundi
2 dependent sample t-test,t-próf tveggja háðra úrtaka
2FA,tvíþættur auðkenni
2 independent sample t-test,t-próf tveggja óháðra úrtaka
2 paired sample t-test,t-próf tveggja háðra úrtaka
4-step process,fimm skrefa líkan
abandon,yfirgefa
ABC activity based costing,verkþáttatengda kostnaðarútreikninga
ABC analysis,verkgrundaður kostnaðarreikningur
abdomen,kviður
a bit,nokkru
able to compete,samkeppnishæft
abode,sel
abolished,afnumið
above mean sea level,hæð yfir sjávarmáli
above mean sea level,h.y.s.
above,umfram
absence,fjarvera
absent,fjarvera
absent,fjarverandi
absolutely everywhere,úði og grúði af
absolutely right,hárréttur
absolutely,upp á hár
absorbed overhead,álagður óbeinn kostnaður
absorb,meðtaka
absorb,soga
abstract,huglæg
absurd,fjarstæður
absurd,hlægilegur
absurdly,fáránlega
abundant,gnótt
abused,misnotaði
abuse,misbeiting
abuse,misnotar
abuse,ofbeldi
acacia,akacía
academic calendar,kennslualmanak
academic progress,námsframvindu
acceptable,viðunandi
acceptance,viðurkenning
accept an invitation,að þiggja boð
accepted,samþykk
accepted,viðtekinn
accepted,viðurkennt
accept,þiggja
accidental gap,tilviljunargat
accomplish,afreka
accomplishment,afrek
accordance,samræmi
according to,(skv.) samkvæmt
accountant,bókarar
accounting,bókhald
account,reikningur
account,skýrslur
accounts payable,viðskiptaskulda
accounts payable,viðskiptaskuldir
accounts receivable turnover,veltuhraði viðskiptakrafna
accounts receivable,viðskiptakröfur
accredited,viðurkennt
accrued,áfallinn
accuracy,hittni
accuracy,nákvæmni
accurate,gaumgæfilegur
accusation,ásökun
accuse,kæra
ace,eikynhneigð
ache,verkir
ache,verkur
achievement,afrek
achievement,frammistaða
acidity,sýrustig
acid test ratio,lausafjárhlutfall
acknowledgement,viðurkenning
acoustic analysis,hljóðgreining
acoustics,eðlisfræðilegir þættir málhljóða
acquiescence,samþykkishneigðar
acquire,tileinka
acquisition,fengur
acquisitions,aðföng
acquis,réttarregla
acquit,sýknaður
a creature from Icelandic folklore summoned with magic to milk others' sheep and cows,tilberi
acrobatics,fimleikar
acrobatics,loftfimleikar
across from,gagnvart
across,þver
act,athafnir
action,athafnir
action movie,hasarmyndir
actions,gjörðum
activate,gangsetja
active,aktíf
activities,athafnir
activities,starfsemi
Activity Based Costing,ABC
Activity Based Costing,ABC-aðferð
Activity Based Costing,ABC-kostnaðargreining
Activity Based Costing,ABC kostnaðargreiningu
activity,iðja
activity level,rekstrarumsvifum
activity,starfsemi
activity,verkþáttur
activity,virkni
act of law,löggerningur
actual cost,raunkostnaður
actually,eiginlega
actually,nefnilega
actually,sem sagt
acupuncture,nálastungur
adaptable,aðlögunarhæf
adapter,millistykki
adapt,samhæfa
a dash,slæðingur
addict,fíkilsins
addict,fíkla
addiction counselor,fíkniráðgjafi
additional,jók
adds up,ganga upp
adequate,viðunandi
adjust,samhæfa
administration,stjórnsýslu
administration,yfirstjórnendur
administrative division,umdæmi
admit to oneself,gangast við
advanced discourse processing,þróuð orðræðuaðferð
advance,framþróun
advancement,frami
advantage,ávinningurinn
advantage,forskot
advertise,framfæri
aesthete,fagurkeri
affection,ástuð
affection,hlýhug
affection,kærleikur
affect,varða
aftertaste,eftirkeimur
against,mótfallnir
age,eldast
agency,tilstilli
age,öld
aggravate,ergja
aggravation,leiðindi
aggressiveness,offors
agility,liðleiki
agitated,æstur
agony,kvöl
agreed,umsamin
agreed,umsamins
agreed upon,umsamið
agreement,samræmi
agree,semja
ahead,á undan
ahead,framundan
aid,dugir
aid,hjálpartæki
aim,beint
aim,stefnu
air bubble,loftbóla
airfryer,loftsteikingarpottur
airtight,loftþéttur
airwaves,loftbylgjur
alarming,óhugnanlegt
albeit,þó að
albeit,þótt
alert,hnippa í
alertness,árvekni
Algeria,Alsír
algorithm,kennitölur
alibi,fjarvera
alienation,firring
aligned,samröðun
alignment,samröðun orða
alignment,samröðun setninga
alignment,samskipun
alike,álíka
alimony,meðlags
… all at once,... í einum spreng
allegation,framburður
alleged daughter,laundóttir
alleged,meintur
alliance,fylking
allocated indirect costs,úthlutaður óbeinn kostnaður
allocated indirect costs,úthluta óbeinum kostnaði
allocation of indirect costs,úthlutun óbeins kostnaðar (óbk)
all of one's possessions,aleiga
allophones,hljóðbrigði
all over,þvers og kruss
allowed,unnt
allure,lokka
almond,mandla
alone,einsamall
along,meðfram
alongside,jafnframt
a lot,gríðarlegu
alpine skiing,alpagreinar
alternately,víxli
alternating,til skiptis
although,þó að
although,þótt
aluminum,áli
always,æ
always,ætíð
always,ávallt
amaranth,eilífðarblóm
amateur,fúskari
amazed,dolfallinn
amazing,furðulegur
amazing thing,dásemdir
amazing,undraverður
amazing,þvílík
ambiguity,margræðni
ambition,athafnasemi
ambition,metnaður
ambitious,framsækinn
American West,Vesturríkjum Bandaríkjanna
ammonia carbonate,hjartarsalt
among,innbyrðis
amongst,innan um
amortisation,fyrning
AMSL,hæð yfir sjávarmáli
AMSL,h.y.s
amusement park,tívolí
amygdala,mandla
anaemia,blóðleysi
Analysis of variance,dreifigreining
ancestor,ái
anchovy,ansjósa
Andean Cock-of-the-rock,klettahani
androgen insensitivity,andrógenónæmis
androsexuality,karlkynhneigð
and things like that,og þess háttar
and things like that,o.þ.h.
anesthetic,deyfilyf
anger,bræði
anguish,harmkvælum
animal,dýr
animal husbandry,búfjárrækt
animal husbandry,dýrahald
animal skin,hamur
ankle biters,börn
ankle biters,krakkar
ankle biters,rassgat
annotated corpus,mörkuð málheild
announcer,þulur
annoyed,ergilegur
annoying,hvimleiður
annual financial statement,ársreikningur
annual interest,ársvexti
annual percentage rate,árleg hlutfallstala kostnaðar
annuity,jafngreiðsluröð
annul,afturkala
annulment,ógilding
annulment,rifting
annul,riftunar
anonymity,nafnleynd
answer extraction,útdráttur svara
antacid,kalsíumkarbónat
antacid,magalyf
antacid,magapillur
antacid,magasýruhemjandi lyf
antacid,magasýrulyf
antacid,sýrubindandi lyf
antacid,sýruhlutleysir
antenna,fálmari
anteroom,gímald
anticipate,að hafa hugboð
anticipate,borga fyrir
anticipate,búast við
anticipate,eyða fyrirfram
anticipate,finna á sér
anticipate,gera ráð fyrir
anticipate,íhuga fyrirfram
anticipate,njóta
anticipate,sjá
anticipate,sjá fram á
anticipate,sjá fyrir
anticipate,skilja fyrirfram
anticipate,verða á undan
anticipate,verða fyrri til en
anticipate,verða fyrri til með
anticipate,verða of fljótir til
anticipation,væntingar
antigen,vaki
anti-inflammatory medicine,bólgueyðandi lyf
antioxidants,andoxunarefni
antipathy,andúð
anxiolytic,kvíðastillandi
any,nokkru
anyone,nokkru
anyway,hvort eð er
apart from,burtséð frá
Apartheid,Aðskilnaðarstefnan
aphid,blaðlús
API,API
API,forritaskil
appeal,áfryja
appeal,áfrýjunar
appeal,umleitun
appearance,ásýnd
appear as a ghost,gengin aftur
appear,myndast
apple crumble,epla mulningur
application area,verkbúnaðarsvið
application environment,verkbúnaðarumhverfi
application,forrit
application program interface,api
application program interface,forritaskil
application,verkbúnaður
applicator,stjöku
applied indirect costs,úthlutaður óbeinn kostnaður
applied overhead,álagður óbeinn kostnaður
apply,beita
apply,beita við
apply,beitt
apply,bera á
appoint,tilnefna
appreciable,tilfinnanlegt
apprehension,hugarangri
approach,framsetning
appropriate,séð
appropriate,viðeigandi
APR,árleg hlutfallstala kostnaðar
aquaculture,fiskeldi
Aquarius,Vatnsberi
áramótaskaup,áramótaskaup
arboreal,trjálegur
archaising,fyrning
arched,hvelfdum
architecture,byggingarlist
arctic char,bleikja
arctic char,reyður
arctic char,silungur
Arctic Poppy,Melasól
arctic root,burn
arctic root,burnirót
arctic root,Íslensk burnirót
ardour,eldmóður
area,flatarmál
area of interest,áhugasvið
argument definitions,rökliðagreining
Aries,Hrútur
armchair,hægindastóll
armchair,hægindi
armpit,handarkriki
armpit,holhönd
around 3 a.m.,ótta
arrangement,fyrirkomulag
arrangement,ráðstafanir
arrears document,vanskilaskráin
arrears register,vanskilaskrá
arrears registry,vanskilaskráin
arrears,vanskil
arrogance,hroki
arrogance,reigingur
arrogance,yfirlæti
arrogant,hrokafull
arrogant,yfirlætislegur
arrowhead,örvaroddur
arrow,ör
arson,íkveikja
artful,slægur
arthritis,liðagigt
article,greinin
articulate,mælskur
articulation,myndun málhljóða
artificial insemination,glasafrjóvgun
artificial insemination,tæknifrjóvgun
artistic creation,listsköpun
artist,listasmiður
arytenoid,könnubrjósk
as a matter of fact,reyndar
as a whole,solidarísk
asexuality,eikynhneigð
ask,biðja
askew,skáhallt
askew,skáhalt
ask follow-up questions,spyrja meira út af svarið
ask,innt
ask more about,spyrja meira út af svarið
ask,spyrja
as one likes,vild
ass,asni
assassinate me,ráða mig af dögum
assassin,launmorðingi
assault,ráðast
assembly department,samsetningardeild
assembly line,samsetningardeild
assert,fullyrða
assert,gera ráð fyrir
assertion,fullyrðingar
asset,eign
assets,eignir
asshole,skíthæll
assignment,verkefni
assimilate,aðlagast
assimilation,samlögun
Association of Businesswomen in Iceland,Félag Kvenna í Atvinnulífinu
as soon as possible,eins fljótt og auðið er
as such,eftirfarandi
assumed,gert var ráð fyrir
assume,gera ráð fyrir
assume,miða við
assume,sló <> föstu
assumption,forsendum
assumption,forsendur
assured,fullvissaði
asthma,asma
asthma,astma
astounded,agndofa
astounded,forviða
astride,klofvega
astrology,Stjörnufræði
astronomy,Stjarnfræði
astronomy,Stjarnvísindi
astronomy,Stjörnufræði
astute,gáfulegt
at all hours,allan sólarhringinn
at an angle,á ská
ate,smjöttuðu
at first,framan af
 … at full pelt,... í einum spreng
… at full speed,... í einum spreng
atheist,guðleysingi
atmosphere,andrúmsloft
atmosphere,bragur
atmosphere,lofthjúpur
atmosphere,yfirbragð
atomic number,sætistala
atoms,frumeindirnar
at once,jafnskjótt
a trim,snyrting á toppi
at stake,í húfi
attachment,fjárnám
attachment,fjárnáms
attack,aðkast
attack,ráðast
attack,sókn
attendance,tímasókn
attend to,hjúfraði
attend to,sinna
attention,athygli
attention,eftirtekt
attention,hugulsemi
attention,réttstaða
attention,umhyggja
attentively,grant
attest,votta
at that moment,í sömu andrá
at the same moment,í sömu andrá
at the same time,jafnframt
attorney,lögmaður
attractive,aðlaðandi
attribute,eigind
attribute,eiginleiki
at us not with us,af okkur ekki við okkur
auction,uppboðs
audio file,hljóskrá
audit,endurskoðun
auk,svartfugl
authenticate,auðkenna
authoring support,ritstoð
authoring support software,ritstoðarforrit
authoring support systems,ritstoðarkerfi
authoring tools,ritstoðartól
authoritarianism,harðstjórn
authoritatively,munduglega
authority,umboð
authorization,heimild
auto-correlation,sjálfvirku fylgni
autographed,áritað
autograph,eiginhandaráritun
automatic continuous speech recognition,sjálvirk orðaflaumskennsl
automatic hyperlinking,sjálfvirk tenglasetning
automatic language identification,sjálfvirk tungumálskennsl
automatic rule-based parser,sjálfvirkum regluþáttara
automatic text summarization,vélrænn útdráttur
automobile inspection,bifreiðaskoðun
available,liggja fyrir
available,ráðstöfun
avarice,áfergja
avarice,nískan
avaricious,ágjarn
avaricious,nískur
average collection period,innheimtutími krafna
average method,meðaltalsaðferð
avid,sólginn
avoid,forðist
award,viðurkenning
aware,grandsamur
awareness,vitund
awful,agalegur
awfully,ægilega
awkwardly,klaufalega
awry,úrskeiðis
axe,öxi
babble,röfla
babble,rövla
babe,beib
babe,skvísa
backed up by,stuðst
background check,bakgrunnskoðun
background noise,bakgrunnshávaða
backoff,íhörfun
backtracking,rakning
backward chaining,afturkeðjun
backward chaining,bakkeðjun
backwards,aftur á bak
backwards,afturábak
bacteria,gerill
bacterium,gerill
bactracking,rakning
baddie,kallakall
badger,greifingja
badly dressed,hallærislega
bad mood,fýla
bad mood,ólund
bagel,beygla
baggage,föggur
bag,skjóða
baguette,franskbrauð
baguette,snittubrauð
bait,ögn
bait,ögnum
baker's ammonia,hjartarsalt
baking potato,bökun
balanced scorecard,stefnumiðað árangursmat
balance,inneign
balance score,jafnvægisskor
balance sheet,efnahagsreikningur
balance,staða
balance,stöðugleiki
balance,stöðuleiki
ball,dansiball
ballpoint pen,kúlupenni
balls of one's foot,táberg
balsamic vinegar,balsamedik
Baltimore oriole,álmkraki
banality,flatneskja
band,sveit
banger,bíldruslu
bankrupt estate,þrotabú
banner,gunnfánum
baptismal vows,skírnarsáttmálanum
barber,bartskeri
barber shop,rakarastofa
bare-breasted,berbrjósta
bare-breasted,brjóstaber
bare-breasted,topplaus
bark,hreyta
barley,bygg
baroceptor,þrýstinemar
baroreceptor,þrýstinemar
barrel,hólkur
barren moor,móinn
barrier,síls
barrier,tálmar
barrier,þröskuldur
bar,súla
baseball,hafnabolti
baseball,hornabolti
based on,hafa fyrir þeim
based on,með hliðsjón af
based on,miða við
baseline,beislínu
baseline,grunnlína
base year,grunnár
basic need,grunnþarfir
basin,bali
basin,lægð
basis for forming a judgment,forsendur
basis,forsendur
basis,grundvöllur
batch level,lotustig
bat,kylfa
battery,geyminn
battle,bardagi
Bavaria,Bæjaraland
Bavarian cream,frómas
bawl,grenja
bay leaf,lárviðarlauf
beached whale,hvalreki
beach,flæðarmál
beach town,sjávarþorp
be a goner,vera búinn að vera
be a great nuisance,sér til mikils ama
beaker,glerílát
be appropriate,tilheyrir
bear,ala
bear,bar
bearer,handhafa
bear up,harka af sér
be ashamed,blygðast
beast,skíthæll
be at a loss with,vera í tómu tjóni með
beat,beita
beat,berja
beaten,laminn
beats,slög
be busy,vera í óða önn að
become reasonable,vitkast
be customary,tíðkast
bedbug,veggjalús
be dead meat,vera búinn að vera
be done for,vera búinn að vera
bed,rekkja
be driven out,hrökklast
bedrock,berggrunnur
bedrock,fast berg
bedrock,klöpp
bedside,rúmstokkinn
bedtime,háttatími
bedwetting,að pissa undir
bee-eaters,svelgir
beeper,símboðinn
before,á undan
before,framan af
before,fyrirfram
be for,hljóðar upp á
beginner,viðvaningur
beginning balance,upphafsstöðu
begrudge,öfunda
beg,sárbæna
behave badly,kemur illa fram við þig
behave well,kemur vel fram við þig
behavior,framkoma
behavior,taktur
behavior,umgengni
behind the scenes,bak við tjöldin
be impending,aðsigi
be in the soup,sitja í súpunni
be in the soup,sitja í því
be irked,þykkjast við
believe,álitin
believe,gera ráð fyrir
believe,telja
belladonna lily,hjarðlilja
bellow,rymja
bell pepper,paprika
belly,kviður
belonged,tilheyrði
belong,tilheyri
be lowered slowly,síga
beluga,mjaldur
be moved to tears,klökkna
benchmarking,hagnýtra viðmiða
benchmarking,hagnýt viðmið
benchmark,við mat
bench press,bekkpressa
benefit,gagn
benefit,hagur
benefit,hlunnindi
benefit,kostur
benefit,skila
benefits,kosta
benighted,hjúpaður í myrkri
benighted,sem lendir í myrkri
be on one's guard,varðbergi
be on the lookout,varðbergi
be on the rise,vera í sókn
be on track,er í farvegi
be outstanding,skara fram úr
be over,vera búinn að vera
bequeath,arfleiða
Bergen,Björgvin
berth,rúmklefi
be satisfied,una
beside,við hliðina á
bespoke,sérsníða
be,standa
best estimate,matskennd fjáhæð
be sunk,vera búinn að vera
be the victor,með pálmann í höndum
be toast,vera búinn að vera
better,skárri
between,innbyrðis
be unimposing before you go,láta lítið fyrir þér fara
be usual,tíðkast
be visible,sjást
beyond,umfram
bias,eftirlæti
bibliography,heimildaöflun
bibliography,heimildaskrá
biceps,tvíhöfði
bidirectional tagger,tvístefnumarkari
big crowd,fjölmenni
big,megnri
bigram,tvennd
bigram,tvístæða
bike seat,hnakkur
bilateral,gagnkvæm
bile,gall
bilingual text corpus,tvímála málheild
bill of exchange,víxill
bill of exchange,víxils
bill of lading,farmskirteini
binary,tvíundakerfi
binge,hám
binge,háma
binge,hámhorf
binturong,svartur bjarnköttur
birch,björk
bird chirp,fuglakvak
bisexuality,tvíkynhneigð
bit,bútur
biting midge,lúsmý
blade of grass,strá
blade,strá
blah blah blah,daddaradadd
blame somebody,áfelldist
blast,spýta
bleach,bleikiklór
bleachers,áhorfendastúku
bleach solution,bleikiklórupplausnina
bleat,jarma
blight,blettur
blinds,gluggatjöld
bling,glingur
blizzard,blindbylur
blizzard,hríðarbylur
bloated,bólginn
blockage,óhroða
blockhead,auli
blockhead,bjáni
block,klossi
blood circulation,blóðrásin
blood clot,blóðtappi
blood relationship,sifjar
blood vessel,æð
blow away,fjúka
blow,högg
bluebell,bláklukkur
blue cheese,blámygluostur
blue cheese,gráðaostur
blue cheese,gráðostur
blue marlin,marlín
blue marlin,merlingur
blue marlin,oddnefur
bluff,málalengingar
blunder,glöp
blunt,skorinorður
blunt,sljóvga
blustery weather,hvassviðri
board,fæði
board members,hæstaráðendur
boast,monta
bobble,hnökri
bobcat,rauðgaupa
body language,líkamstjáning
body,skrokkinn
body,skrokkurinn
bog hole,fúafen
boil,bulla
boiling mad,sjóða
boiling,sjóða
boil over,sjóða upp úr
boils down to,sé fólginn í
boil,sjóða
boil,suða
bold,frekur
bold,kræfur
bolt,fælast
bone-weary,þrekaður
bookkeepers,bókarar
boom,dynja
boorish,ruddist
boot,klossi
boot,skotta
bootstrapping approach,gagnkvæm hringrás
bootstrapping approach,sjálfkvæm nálgun
booze,bús
borage,hjólkróna
border,jaðar
borderline personality disorder,hambrigðapersónuleikaróskun
boreal forest,barrskógabeltið
borrowing,lántökur
boss,yfirmaður
bother,ergja
both sides,báðum megin
both sides,b/m
bottlenecks,flöskuhálsa
bottom-up,neðansækinn
bouillon,kraftur
boulder,grjótglíma
boulder,hnullungur
boundary,jaðar
boundarylessness,markaleysi
bowels,iður
bowel,þörmum
bow,hneigði
boycott,sniðganga
boy,snáði
bracelet,armband
brag,hæla
brain cell,heilafruma
brainwash,heilaþvo
brake housing,bremsubarki
branch,greinin
brave,hugdjarfur
brave,hugprúður
brazen,blygðunarlaus
brazen,ósvífinn
brazier,glóðarpanna
brazier,messingssmiður
breach of contract,vanefndir
breakdown,bilun
breakdown truck,kranabíla
break-even,skurðpunkt tekna og gjalda
break free,sleit
break,riftunar
breathless,mæði
breathless,móður
brick wall,múrvegginn
bright,skær
brilliant,bráðsnjall
brilliant,framúrskarandi
brill type tagger,markari brills
bring,barst
bring,bera
brink,brún
brittle,brothætt
brittle,stökkur
broaden,breikka
broken,bilun
broken,bjagaður
broken down,vélarvana
brokerage account,vörslureikningur
brooch,brjóstnál
brood,krakkaskari
broom,lyng
broom,sópur
browse,blaða
brusquely,hranalega
bubble,bólur
bubble,bulla
buckle,kikna
budgetary planning,áætlanagerð
budgeted balance sheet,efnahagsáætlun
budgeted cost,áætlaður kostnaður
bug,ergja
building material,efniviður
bulb,blómlaukur
bulldog,bolabítar
bulldozer,jarðýta
bulletproof,skotheldur
bullshit,bulla
bully,bulla
bully,dólgur
bulwark,varnarveggir
bum-flap,rassflipanum
bump,bólguhnúður
bumper,högghlíf
bumper,stuðarann
bump,kúla
bump,reka
bump somebody off,kála
bum,róni
bungler,klaufi
bunny,kanína
burden,óbeinn kostnaður
bureaucracy,skrifræði
burner,hella
burning,sviði
burn,logar
burst,gusa
bury,grafa
bushfire,sinueldur
bush,runni
business,bransi
business letter,viðskiptabréfi
business presentation,fjárfestakynningur
busy,önnum kafin
butler,bryti
butler,þjónn
button,hneppa
button mushroom,matkempa
button up,hneppa
buzz,stuð
buzz,suða
by all accounts,í hvívetna
by all means,um að gera
by,framhjá
by heart,utan að
cabin,káeta
cabin,káetunni
cable housing,barki
cabling,raflögn
cage,búr
caiques,seglskip
cake,terta
calculated,reiknast
calisthenics,leikfimiæfingar
call,hóa
call in (a loan),gjaldfella
call names,uppnefna
calls,innkallanir
callus,sigg
calm and quiet,með kyrrum kjörum
camel,kameldýr
camel,úlfaldi
camp,bækistöð
camping stove,prímus
can be,unnt
can,brúsi
cancel,afboða
cancellation,niðurfelling
cancelled,falla niður
cancer,krabbamein
cancer,krabbi
Cancer,Krabbi
Cancer,Krabbinn
candidacy,framboð
candidate,frambjóðandi
candidate,umsækjandi
candy,nammi
can,geta
can mean,af kann að leiða
canned,niðursoðinn
cannister,dolla
canteen,háma
canvas bag,segldúkspoki
canvas,segldúkur
canvas,strigi
capelin,loðnu
capital,fjármagn
capitulation,uppgjöfin
Capo Verde,Grænhöfðaeyjar
Capricorn,Steingeit
capsicum,paprika
captivate,gagntaka
Carabus nemoralis,varmasmiður
Carabus problematicus,tröllasmiður
carbohydrate,kolvetni
cardboard,pappi
cardboard sleeve,pappahólkinn
cardiac muscle,hjartavöðvi
card,þynna
care,aðgát
care,árvekni
career criminal,atvinnubófi
career,ferill
career,lífshlaup
careful,gaumgæfilegur
carefulness,aðgát
carefulness,árvekni
careful,varkár
caregivers,umönnunaraðila
carelessness,gáleysi
care of (c/o),berist til b.t.
carer,uppalanda
caresses,atlot
care,umhirða
care,umhyggja
care,umönnun
cargo,farmur
cargo roof box,farangursbox
cargo roof box,ferðabox
cargo roof box,tengdamömmubox
car hitch,dráttarkúla
car hitch,kúlutengi
car hook,dráttarkúla
car hook,kúlutengi
caricature,skrípamyndir
carry,bar
carry,barst
carry,bera
carrying value of the bond,bókfært verð af skulduna
carry out,efna
carry out,innt
cartilage,brjósk
cartilage,brjóskflögur
carved,ristur
carved,útskorinn
case,ver
cash agent,greiðslubanki
cash flow,sjóðstreymi
cash payment,staðgreiðsla
cash sale,staðgreiðslusala
castle,slot
catch,ná
catch on,fatta
catchy,grípandi
categorial grammar,frumflokkamálfræði
categorization,frumflokkun
catfish,grana
catfishing,falsfiskum
catfish,sladdi
catfish,steinbítur
cat ownership,kattahald
cat ownership,kattahold
cat's tail,stýri
cattle,nautpeningur
caught wind,fékk veður
cause,olli
cause,orsakir
cause,verki
caution,aðgát
caution,árvekni
cautious,varkár
cavalier,áhyggjulaus
cavalier,kæruleysislegur
cavalier,mikillátur
cavalier,óháður
cavalier,riddaralegur
cavalier,spjátrungslegur
cavalier,yfirlætislegur
cavalier,þóttafullur
caveat emptor,aðgæsluskyldu
cave in,hrynja
ceaseless,þrotlaus
celebration,tilefni
cell mutations,frumubreytingar
cellulose,jurtabeðmi
center-back,miðvörn
central,miðlægum
central nervous system,miðtaugakerfið
central tendency,miðsækni
century,aldarinnar
century,öld
ceramicist,leirkerasmiður
ceramist,leirkerasmiður
Ceratopogonidae,lúsmý
cereal,korn
ceremony,vígsla
certification,réttindi
certified,löggiltur
chain,keðja
chainsaw,keðjusög
chalkboard,skólatafla
challenge,áskorun
champagne,kampavín
chance,færi
chance,forvöð
chance it,hætt á
chance,möguleika
change,breyta
change of measure,málskipti
change,snúast
chaos,þvögunni
chapstick,varasalvi
characteristic,eiginleiki
characteristic,eiginleikunum
chard,blaðbeta
chard,silfurbeðja
charge,gjaldfæra
charge,kæra
charity work,góðgerðastarf
charming,aðlaðandi
charming,heillaður
charming,heillandi
charm,sjarmi
chat,kjaftaðu
chatter,mala
chatter,skvaldrið
check,aðgæti
check,athugun
checkbox,reit
check,gá
checkmate,mát
checkmate,skák og mát
check-up,skoðun
check whether,ganga úr skugga um
cheek,vanga
cheerful,kátur
cheese pizza,margarita pizza
chemical weapon,efnavopn
cherish,varðveitir
chest,brjóstkassann
chest cavity,brjóstholi
chest of drawers,kommóða
chewed mouthful,tuggði
chick,skvísa
chick,ungi
chiefly,aðallega
childhood,bernska
child maintenance,meðlags
child,peð
child prodigy,afburðargreindur
childrens' garage sale,tombóla
child support,meðlags
chimney,skorsteini
chimney,súla
chimney sweep,sótari
chin,haka
chink,raufina
chip,flís
chips,flögur
chisel,meitill
Chi-square,kí-kvaðrat
chit-chat,málalengingar
chloramines,klóramín
chocoholic,súkkulaðisjúklingur
chocolates,konfekt
choice,kostur
chop,saxa
choreographer,danshöfundur
choreography,dansgerð
choreography,danshönnun
choreography,danssmíði
choreography,samræming hreyfinga
chorus,viðlag
christmas melon,mélona græn
chromatography,litskilja
chromatography,litskiljun
chunk,bagga
chunk,baggi
chunk,hlunkur
chunking,böggun
chute,lyftustokkinn
cigar,vindill
circular,hringlaga
citizenship,ríkisfang
civic duty,borgaraskylda
civilization,heimsmenning
civilization,menningarheimur
claimant,kröfuhafi
claim,fullyrðingar
claim,heimtingu
claim,krafna
claim,kváðust
claim right,kröfurétti
claim right,kröfuréttindum
clairvoyant gift,ófreskigáfa
clairvoyant,ófreskur
clamber,klöngruðust
clan,ættbálkur
clap,hvellur
clarify,skýrt
clasped hands,fléttaði fingrum
class,áfangi
class,bekkur
class essay,stíll
class,flokkur
class,stétt
clavicle,viðbein
clay pot,leirker
clearance sale,rýmingarsala
clear-cut,skilmerkilega
clearing,rjóður
clearly,glöggt
clear one's throat,ræskja
clear,ryðja
clear,tær
cleat,takkaskór
clench your teeth,bíttu á jaxlinn
clever,gáfulegt
cleverness,kænska
click-on gas,smellugas
click,smell
click,smellti
client,skjólstæðingur
cliff-edge,nöf
cliff wall,hamraveggnum
climbable,kleifur
clip,myndskeið
cloak,skikkja
clog,klossi
close cut,snoðklippa
closely related,nákomnir
closely related,nákomnum
closely related,náskyldur
closeout sale,rýmingarsala
close range,dauðafæri
closing down sale,rýmingarsala
closing inventory,lokabirgðir
cloth,dúkur
cloud cover,skýjahula
cloudy,dimmur
cloudy mood,þungbúinn
cloudy pillar,skýstolpi
cloudy,skýaður
cloudy,skýjaður
cloudy writer,óljós
cloudy,þykkur
clove,geiri
clove,negull
clove,negulnagli
clove,rif
clumsy,klaufalega
cluster,hvirfing
clustering,þyrpa
clustering,þyrping
coach,áætlunarbíl
coating,húðun
cobra,gleraugnaslanga
cocksure,rogginn
cocktail,hanastél
cocky,rogginn
cocoa liquor,kakómassi
cocoa powder,kakóduft
coconut flakes,kókosmjöl
coddle,eftirlæti
codeine,kódein
codeine,parkódín
code,kóða
code,kóta
code,kóti
codependence booklet,meðvirknikver
codependent,meðvirka
codependent,meðvirkt
codependents,meðvirkla
code-switching,málskipti
coding and compression,kóðun og þjöppun
coding and compression,kótun og þjöppun
coding tool,kóðunartól
coding tool,kóðunarverkfæri
coding tool,kótunartól
coding tool,kótunarverkfæri
coffee table,sófaborð
COGM(cost of goods manufactured),Kostnaðarverð framleiddra vara
cognitive behavioral therapy,hugræn atferlismeðferð
cognizant,grandsamur
COGS(cost of goods sold),KSV(Kostnaðarverð seldra vara)
coil,gormur
cold and damp,hráslagalegir
cold-calling,óundirbúin
cold sores,frunsu
coleus,kólus
collapse,hrynja
collarbone,viðbein
collar,hólkur
collateral,veði
collect,innheimtist
collection letter,kröfubréf
collection of texts,textasafn
collection time period,innheimtutími
collective noun,safnheitir
collide,rekast á
collocational features,orðastæðuþættir
collocational features,samstæðuþættir
collocations,orðastæður
collocations,samstæður
collusion,samsæri
colomn,súla
colorful,litadýrð
colostomy bag,hægðapoki
colt,foli
column,pistill
column,súla
coma,dá
combat,bardagi
combination lock,stafalás
combining,samsetning
comb,kemba
come about,tilkomin
come along,slást
come back,skila sér
comedy,gamanmynd
comfort,hugga
comfort,makindum
commentator,umsagnaraðili
commercial document,viðskiptabréfi
commercial paper,viðskiptabréf
commission,söluþóknun
common dolphin,eiginlegur höfrungur
common dolphin,hundfiskur
common dolphin,léttir
commonhold,fjóleignarhús
commonhold,fjöleignarhús
common knowledge,alkunna
common sense,skynsemi
Common snipe,hrossagaukur
common voice,samrómur
commotion,uppþot
companion,fylgdarmaður
company,samneyti
compared to,miða við
compared with,miðað við
compass,áttaviti
compel,knýja
compell,knýja
compel,neyða
compel,þvinga
compensation responsibility,fébótaábyrgð
compensation responsibility,skaðabótaábyrgð
compensation,skaðabóta
compete,kapp
competent,fullfær
competitive,samkeppnishæft
compile,sjóða saman
complain,barma
complaint,kæra
complaint,sókn
complementary distribution,fyllidreifingu
complete fulfillment,fullar efndir
complete,fullunnar
completely,aldeilis
completely,algerlega
completely,alveg
completely impartial,bláhlutlaus
completely reliable,pottþétt
complex,margbrotinn
complex,samsettur
complication,fylgikvili
complication,vankvæði
component,íhlutir
composition,samsetning
composition,stíll
composition,tónverk
compost heap,safnhaugur
compounding,ávöxtunar
compound interest,vextir og vaxtavextir
compound word,samsett orð
comprehensive income,heildarafkoma
comprehensive,víðtæk
compression,þjöppun
comprise,sé fólginn í
compromise,málamiðlun
compulsion,áráttu
computational linguistics,reiknifræðileg málfræði
computational linguistics,reiknifræðileg málvísindi
computational linguistics,tölvumálfræði
computational linguistics,tölvumálvísindi
computational pragmatics,reiknifræðileg málnotafræði
computational pragmatics,tölvufræðileg málnotafræði
computational psycholinguistics,reiknifræðileg sálmálvísindi
computational psycholinguistics,tölvufræðileg sálmálvísindi
computational semantics,merkingartækni
computational semantics,reiknifræðileg merkingarfræði
computational semantics,tölvufræðileg merkingarfræði
computer-assisted language learning,tölvustutt tungumálanám
computer lab,tölvuver
conceal,fela
conceited,hreykinn
concentrate,einbeita
concentrate,þykkni
concept,hugtak
concepts,hugtök
concern,umhyggja
concern,varða
concert tour,tónleikaferðalagi
conclusion,ályktunin
concrete,steypa
condemn,fordæma
condensed milk,niðursoðin mjólk
condensed milk,þéttur mjólk
condescending,hrokafullt
condescending,lítillátur
condescending,yfirlætislegur
conditional random fields,skilyrt slembisvæði
condition,forsendum
condition,forsendur
condition,fyrirvara
conditions,tilskilins
condom,smokkur
conduct,atferli
conduct,framkoma
conduct,umgengni
cone biopsy,keiluskurð
confections,konfekt
confidence limit,öryggisbil
confidence limit,öryggismörk
confidentiality,trúnaður
confined,þröngur
conformity,samkvæmni
conformity,samræmi
confused,ráðvilltur
confusion,fát
conization,keiluskurð
connectionist techniques,samtengiaðferðir
conscientious,skyldurækinn
conscription,herskylda
consecration,vígsla
considerable,tilfinnanlegt
consider,álitin
consideration,hliðsjón
consideration,skoðun
consideration,tilliti
consideration time,umhugsunartími
considered,þóttist
consider,hugleiða
consider,íhuga
consider,telja
consider,tilliti
consist of something,samanstanda
consist,sé fólgin í
consol,eilífðarbréf
conspiracy,samsæri
constant,skurðpunktur
constant,stöðugt
constant,stöðugur
constant,þrotlaus
constrained,þvingaður
construction,samsetning
consul,ræðismaður
consult,hliðsjón
consumer goods,almenningseign
consumer,neytandi
consumption,eyðslan
contact information,tengiliðaupplýsingar
contact,samneyti
container,gámur
container,ílát
content production,semja efni
context sensitive spell-checking,samhengisháð ritvilluleit
context sensitive spell-checking,samhengisháð stafrýni
continually increasing,síaukini
continually increasing,síaukinni
continuing education,endurmenntun
continuous calling money card,síhringikort
continuous,látlaust
continuously,jafnt og þétt
continuous,þrotlaus
contract,kaupmála
contractor,verktaki
contribution,framlög
contribution margin,framlegð
contribution ratio,Framlegðarhlutfall rekstrar
controllability,stjórnhrifum
controlling,eftirlit
controls,stýribúnað
convenience,þægindi
convenient,handhægur
conversational agent,talþjónn
conversation,samræða
conversion costs,vinnslukostnaðar
convex,kúptur
co-occurrence features,grenndarþættir
cooking,eldamennskuna
cook,matreiða
coolant,frostlögur
cool,svalur
cooperation,samhjálp
coordinate,samhæfa
coordinate,samhæft
coordination,samhæfingu
co-payment,meðlag
copy fee,útskriftargjald
coreference resolution,samvísunartúlkun
coreference resolution,tilvísanagreining
corkscrew,tappatogari
cork,tappi
cornea,hornhimnu
cornea of the eye,glæra
corpus linguistics,gagnamálfræði
corpus linguistics,gagnamálvísindi
corpus,málheild
correctional boot camp,betrunarvist
correspond,stemma
corrode,tærist
corvidae,hröfnungar
cosset,eftirlæti
cost-allocation base,skiptigrunnur kostnaður
cost component,kostnaðarliða
costcutting,kostnaðarlækkanir
cost driver rate,kostnaðarhlutfall
cost drivers,kostnaðarvaki
cost drivers,kostnaðarvaldur
cost function,kostnaðarfall
cost,kostnaður
cost object,kostnaðarberi
cost of capital,ávöxtunarkrafa
cost of goods manufactured,(KFV) kostnaðarverð framleiddra vara
cost of goods sold during the month,vörunotkun mánaðarins KSV
cost of goods sold,kostnaðarverð seldra vara KSV
cost of goods unsold,kostnaðarverð óseldra vara á lager
cost of materials,efniskostnaður
cost pool,kostnaðarsafn
costs,stærðir
costs,útgjöld
cost,útgjöld
cost-volume-profit,núllpunktsgreining
coterie,klíku
cotinga,skartar
cottage cheese,kotasæla
counsellor,ráðgjafi
countdown,niðurtalning
countenance,ásýnd
count,greifi
countless,ótal
count on,reiða sig á
count,telst
courage,kjarkur
courier,fylgdarmaður
course,farvegi
court,hirð
court of law,dómstólunum
cover,afleysing
coverage,efnisnotkun
cover,hjúpa
cover,hylja
cover the basics,stiklað á stóru
cover,þekja
covet,girnast
cower,grúfa
cower,híma
cower,hnipra
cower,hnipra sig
cow eyes,eins og barðir hundar
cowgirl,kúrekastelpa
coyote,sléttuúlfur
crabbed,önugur
crabby,önugur
crab,krabbi
crab,skógarepli
crackle,snarka
crack,raufina
cradle,vöggu
crafting,föndur
cramp,krampi
crampons,mannbroddar
crank,sveifasett
craps,sjö-ellefu
crashed,skollið
crash,skellum
crash,skellur
crater,gígur
crawled,lyppaðist
crawl,skríða
creak,marra
creaky,brakandi
cream,áburður
crease,brot
crease,felling
crease,fellingar
create art,listsköpun
create,sjóða saman
create,skapa
creation,sköpun
creative,sköpun
creature,skepna
credit,inneign
creditor hierarchy,skuldaröðinni
creditor,kröfuhafi
creditor,lánardrottinn
creep,læðast
cremation oven,líkbrennsluofnsins
crested puffin,topplundi
criminal,afbrotamaður
criminal case,sakamál
criminal law,refsirétt
criminal prosecution,saksókn
criminal,saknæma
crispbread,hrökkbrauð
crisp,stökkur
crispy,stökkur
criteria,forsendur
criticism,ádeila
criticism,aðfinningasemi
criticism,aðfinnsla
criticism,aðfinnslum
criticism,dómur
criticism,gagnrýni
criticism,hallmæli
criticism,krítík
criticism,ritdómur
criticism,umvöndun
criticism,vandlæting
criticism,vítur
critique,gagnrýni
crochet,hekla
crocus,dverglilja
crocus,krókus
croissant,smjördeigshorn
crop,snoðklippa
cross-disciplinary,þverfaglegu
cross-lingual information retrieval,þvermála upplýsingaheimt
cross-lingual language capabilities,þvermálamöguleikar
cross out,útstrikun
cross validation,krossprófun
crouch,grúfa
crowded,þéttskipaðan
crowd,mannþröng
crowd,mergð
crow,gala
crown,hvirfill
crown,koll
crucial,um að gera
Cruella de Vil,Grimmhildur
crumbs,mylsna
crumpet,gerklatti
crush,mala
crush,mannþröng
Crux,Suðurkrossinum
crypto-asset,sýndareigna
cuckoo,gaukurinn
cucumber,agúrka
cucumber,gúrka
cuddle,kúra
cue,stikkorð
culprit,sökudólganir
culprit,sökudolgi
culprit,sökudólgur
cultivate,græða
cunningly,kænlega
cunning,slóttugur
cupcake,bollakaka
cup noodles,bollanúðlur
cure,bót
curiosity,spurn
curl,lokka
curl up,hnipra sig
curly,hrokkinn
current assets,lausafjármunir
current,núverandi
current ratio,veltufjárhlutfall
current,yfirstadandi
curse,blóta
cursed,formælti
cursory,skjótur
curtain,gluggatjald
curved,bogadregnir
curved,sveigum
cushion,púði
cuss,blóta
customer,kúnni
customer profitability,ábati af viðskiptavinum
customer,viðskiptavinur
customized,sérsníða
cut,hunsa
cutoff rate,ávöxtunarkrafa
cut,saxa
cut,skera
cut to the bone,brjóta til mergjar
CVP cost-volume-profit analysis,núllpunktsgreining
cyan,blágrænn
cylinder,hólkur
daddy's girl,pabbastelpa
dad joke,fimmaurabrandari
daffodil,páskalilja
dalmatian,dalmatíuhundur
dalmatian pelican,hrokkinkani
damaged,grandað
damage,skemmist
damages,skaðabóta
damnation,glötun
damp,deigan
damselfish,svölusporður
dance,dansiball
dandle,hossa
dandy,pjattrófa
dandy,spjátrungur
dangerous,glæfralegur
dare,áræða
dare,dirfðist
dare,voga
dare,þora
daring,djarft
daring,glæfralegur
daring,kræfur
dark (and suspect) corner,skúmaskot
darling,eftirlæti
darling,heittelskaður
darling,krúttin
darned,ótætis
dash,æða
dash,geysast
data analysis,gagnagreining
data collection,gagnaöflun
data collection,gagnaöflunar
data-directed,neðansækinn
data-driven methods,gagnaaðferðir aðferðir
data-driven methods,gagnastýrðar aðferðir
data-driven system,gagnakerfi
data format,skráarform
data,gagna
data,gögn
data point,athugun
data presentation method,gagnaframsetningaraðferð
data set,gagnasafn
dataset,gagnasafn
date,tímasetningu
dawn,dagrenningar
dawn,dögun
deadlift,dedda
deadlift,réttstöðulyfta
deadline,eindagi
deadline,skilafrestur
deadline,tímamörk
dealings,afskipti
dealings,viðskipti
deal,kljást
deal,tilboð
dear,hugleikin
death,bani
deathly pale,náfölt
Death Valley,Dauðadalurinn
debit,gjaldfæra
debit,staðgreiðsla
debt mitigation,greiðsluaðlögun
debt ratio,skuldahlutfall
debt,skuld
decade,áratugur
decade,tugur
deceitful,svikull
deceive,blekkja
decent,drengilegur
deception,blekkingu
decide,ákveða
decimal,tugabrot
decision,ákvörðun
decision list classifiers,flokkaraskrá
decision-making process,ákvarðanatökulíkön
decision,úrskurðar
decision,úrskurðum
decisive,ótvírætt
deck,þilfar
decline,synja
declining balance depreciation method,hröðunarafskrift
decoder,afkóðari
decoder,afkótari
decorated,afrek
decorum,háttprýði
decorum,háttvísi
decorum,velsæmi
decrease by how much,dragast mikið saman
dedicate,tileinka
deed,afsal
deed,athafnir
deed,gjörð
deem,talin
deem,telst
deep generation,djúp málgerving
deep parser performance evaluation,mat á frammistöðu djúpþáttara
deep parsing,djúp þáttun
deep parsing,full þáttun
deep-rooted,rótgróinn
deep-seated,rótgróinn
deer,dýr
default surcharge,vanefndaálag
default,vanefndir
default,vanskil
defeated,unninn
defect,ágalli
defect,annmarkana
defect,annmörkunum
defect,bresti
defective,ábótavant
defect percentage,hlutfall galla
defendant,stefndi
defense,vörn
deferred payment,selt er útí reikning
deficit,hallann
define,afmarka
defininitive work,undirstóðurit
degree certificate,prófskírteini
degree,menntun
dejected,angurvært
dejected,eins og barðir hundar
dejected,eins og barinn hundur
delay,töf
delay,töfinni
deliberate,spekúlera
delicacies,kræsing
delicacy,krás
delicacy,ljúfmeti
delicately,fimlega
delicate,viðkvæm
delicious,gómsætur
delicious,ljúffengur
delightful,heillandi
delight,unaður
delimit,afmarka
delist,afskrá
deliver,miðla
delivers to,berist til (b.t.)
delivery delay,afhendingardrátt
delivery delay,stöðvunarrétt
delivery time,afhendingartími
delivery,útburður
delivery,útkeyrsla
deltoid muscle,axlarvöðvi
demand,krafna
demand,krefst
demand letter,kröfubréf
demands,kröfur
demarcate,marki
demeanour,fas
demerit,misgerð
demon,ári
demonstrable,sannanlegum
denotation,aðalmerking
denotation,merkingarkjarni
denotation,umtak
denote,aðalmerkja
denote,hrámerkja (x denotes y)
denouement,málavextir
denouement,útslag
dense,þéttur
dental calculus,tannsteinn
dental plaque,tannsýkla
dent,beygla
departing,fráfarandi
dependency bank,venslabanki
dependency grammar,venslamálfræði
dependent personality disorder,hæðispersónuleikaróskun
dependent variable,háða breytan
depend on,ráðast af því
deponering,geymslugreiðsla
deposited,innborguð
deposit,innborgun
deposit,innláns
deposit,innlögð
deposit,innlögn
deposits,innborganir
depreciation,afskrift
depreciation,fyrning
depreciation of office equipment,afskriftir skrifstofutækja
depressed,niðurdreginn
deprivation,missis
deprive,sviptir
derived,afleidd
deserved,eiga skilið
designate,tilnefna
desirable,æskilegur
desire,löngun
desktop,borðtölvur
despair,örvænta
despise,fyrirlíta
despite,enda þótt
despite,þrátt fyrir
despond,æðrast
dessert,ábætir
dessert,ábætisréttur
dessert,desert
dessert,eftirmatur
dessert,eftirréttur
detail,smáatriði
detective,spæjari
deteriorated,rýrnað
deterioration,rýrni
determined by,ráðast af því
determined,greinist
deuce,daus
deuce,tvistur
devastating,niðurbrjótandi
developmental process,þroskaleið
development,framköllun
development sets,þróunarlistar
develop,móta
develops,þrífst
deviation,frávik
deviation,skekkju
deviation,skekkjur
devil,andskoti
devil,ári
devoicing,afröddun
dextrose,glúcósi
dextrose,þrúgusykur
diagonally,á ská
diagonally,skáhallt
diagonally,skáhalt
dialectical behaviour therapy,díalektísk atferlismeðferð
dialectical materialism,þráttarefnishyggja
dialect,mállýska
dialects,framburðartilbrigði
dialects,mállýskur
dialogue management,samræðustjórnun
dialogue manager,samræðustjóri
dialogue modeling,gerð samræðulíkana
dialogue,samræða
dialogue system,samræðukerfi
dial,skífa
dial tone,sónn
diamond,tígullaga
diaper,bleyja
diarhhea,drulla
diarhoea,niðurgang
diarrhea,lífsýki
diarrhea,niðurgangur
diarrhea,ræpa
dice,brytja
dice,saxa
dick,deli
dick ring,typpahringur
dick test,lókaprof
dictate,ráðskast
dictionary,orðalista
didn't like the look of it,leist ekki á blikuna
die,geispa golunni
die like flies,hrynja
diet,kúr
difference,muni
differential analysis,jaðargreining
different,ólíkur
difficult,örðugt
dig,grafa
digital humanities,stafræn hugvísindi
digital library,stafrænt bókasafn
dignity,reisn
dike,díki
dilettante,fagurkeri
dilettante,viðvaningslega
diligence,elju
diligence,starfsemi
dilute,þynna
dimension,stærð
diminish,rýri
ding,beygla
dinghy,jullur
dingy bar,búlla
din,skruðningur
dip,dúfa
dip,dýfa
diphone concatenation system,tvístæðu samtengingarkerfi
diphone,tvístæða
diphthongization,tvíhljóðun
diphthong,tvíhljóð
dip,ídýfa
diploma,prófskírteini
direct,beint
direct costs,beinn kostnaður
directing,leiðtogahlutverk
directing,stjórnun
direction,stefnu
direct labor costs,beinn launakostnaður
direct labor hours,beinar vinnustundir
direct labour,bein vinna
directly,rakleiðis
direct materials,bein efni
direct materials,hráefni
direct relatives,í beinan legg
dire straits,ýtrasta neyð
disability,örorku
disabled,óvígur
disambiguate,einræða
disambiguation,einræðing
disbursement,útborganir
discerned,greinist
discharge,hleypa af
disciple,fylgismaður
disciple,lærisveinn
discipline,aga
disciplined,agaður
discipline,greinin
disclose,afhjúpa
disclosure,uppljóstrun
discomfort,óþægindi
disconnect,aftengið ykkur
discount,áföllum
discount,afslattur
discounting,afvöxtun
discount rate,ávöxtunarkrafa
discourse and dialogue,orðræða og samræða
discourse capabilities,samræðuhæfileikar
discourse corpora,orðræðumálheild
discourse modeling,gerð orðræðulíkana
discourse,orðræða
discourse,orðræðum
discourse,samræður
discriminate,mismuna
discriminative tagger,aðgreiningarmarkari
disc,skífa
discussion,reifun
discussion-worthy,umtalsvert
disguise,dulargervi
disgust,andstyggð
disgusting,andstyggðar
disgust,viðbjóð
dish towel,viskustykki
dishwashing,uppþvotta
disobey,óhlýðnast
disposable funds,ráðstöfunarfé
disposable income,ráðstöfunartekjur
disposal,förgun
disposal,umráð
dispose of,farga
dispute,ágreiningur
dispute,véfengja
dispute,þrætti
disqualified,ógildur
dissection class,krufningarkúrsarnir
dissent,ágreiningur
dissenter,ættleri
dissolution,lútandi
distance,fjarska
distance,tilsýndar
distant sound,ómur
distinguish,auðkenna
distort,skekkja
distraction,leiðsla
distribute,útdeildi
distribution,útburður
district attorney,saksóknari
district court?,héraðsdómstóls
district,héraði
district,umdæmi
disturbance,þytur
disturb,bær
ditch,díki
ditch,skrópa
dive bar,búlla
dive,búlla
dive,dúfa
dive,kafa
divergent plate boundary,flekaskil
divide and conquer,deilum og drottnum
divided,greinist
dividend,arður
divorced,skilinn
do,aðhafst
document image analysis,greining skjalmyndar
documents,skjöl
dodge,forðist
Dodger,Hrappur
do,gegna
dolphinfish,gullmakríll
domain,lén
domain,umdæmi
dominance,yfirburða
dominant,markaðsráðandi
dominant traits,ríkjandi eiginleikar
domineering,ráðríkur
dominion,stjórnsemi
dominion,umdæmi
donation,framlög
done,aðhafst
done correctly,rétt úr garði gerð
done for now,búið í bili
donkey,asni
door lock,skrá
dopamine,dópamín
dope,dópa
dorado,gullmakríll
dormitory,heimavist
dormitory,stúdentagarður
dormitory,svefnherbergi
dormitory,svefnloft
dormitory,svefnrými
dot,doppa
dot the i's and cross the t's,setja punktinn yfir i-ið
double-jointed,tvennum liðamótum
double-lock,tvílæsti
double pointed knitting needles,fimm prjónar
double pointed knitting needles,sokkaprjónar
doubt,efist
doubtful,efablöndnum
doubts,efasemdir
dough,deig
dove,dúfa
dove,friðarsinni
downcast,mæðulega
downcast,mæðulegur
downcast,niðurdreginn
down collection,dúntekja
downhill,hraka
down payment,innborgun
down payment,útborgun
downsides,gallar
down,vansælli
do wrong,brjóta af sér
do you wanna join?,viltu vera memm?
dozen,tylft
draft,rissa
draft,víxils
drag sth out of,herja e-ð út úr
drama,leiklist
draw a quick breath as when surprised,súpa hveljur
draw,beint
draw one's last,geispa golunni
draw,teyma
dread,fælni
dressing,umbúðir
dried yeast,þurrger
drift,rása
driftwood,rekaviður
drinking straw,sogrör
dripping wet,rennvotur
dripping with sweat,kófsveitta
drive,akstur
drive away,flæma
drive crazy,trylla
drive,heimreið
drive-in theater,útibíó
drivel,heimskuhjal
drivel,kjaftæði
drivel,vitleysa
drivel,þvaður
drivel,þvæla
drivel,þvættinginn
driver,ökuþór
driver,vaki
drive-thru,bílalúga
driveway,heimreið
driving force,drifkrafta
driving under the influence,stútur undir stýri
drizzle,suddi
drizzle,súld
droll,spaugilegur
droop,lygna
drowning in,bólakafi
drowsily,drungalegri
drudgery,at
drunkard,fyllibytta
drunkard,óreglusömum
drunk,Skakkur
drupe,steinaldin
dry,brakandi
dry-cured ham,hráskinka
dry-cured jamón,hráskinka
dsp techniques,stafrænar merkjavinnsluaðferðir
dubious,vafasamur
duck duck goose,hlaupa í skarðið
duck,dúfa
duck,firra
due date,gjalddagi
due diligence specialist,áreiðanleikafræðingur
due diligence survey,áreiðanleikakönnun
dumb,bjálfi
dumbfounded,agndofa
dumb,lúði
dump,haugur
dumping,losun
dune,dúna
dune,sandalda
dune,sandskafl
dunghill,mykjuhaugum
durable,endingargóður
dust,mylsna
dust,ryk
dusty,rykföllnum
duvet,sæng
dynamic programming,kvik bestun
dynamic programming,kvikbestun
dynamic programming,kvikleg forritun
dynasty,ættarveldi
dysfunctional family,truflað fjólskyldukerfi
dysgraphia,rithömlun
dysgraphia,skrifblinda
eager,áfjáð
eager,áfjáður
eager,ákaft
eagerness,ákefð
early childhood,frumbernska
early,skjótur
earned,áunnin
earned,eiga skilið
earnings per share EPS,hagnaður á hlut
earth,jarðríki
earth's crust,jarðskorpuna
EAR,virkir vextir
easement,ítak
easy-peasy,skítléttur
easy to locate,auðfundið
eating disorder,átröskun
EBITDA earnings before interest taxes depreciation and amortization,hagnaður fyrir fjármunatekjur og fjármagnsgjöld án afskrifta og virðisrýmunar
EBITDA,rekstrarhagnaður fyrir afskriftir
EBIT earnings before interest and taxes,hagnaður fyrir fjármunatekjur og fjármagnsgjöld
EBT earnings before tax,hagnaður fyrir tekjuskatt
echo,bergmála
eclipse period,hvarftími
ecologist,vistfræðingur
economic condition,hagræn staða
economics,hagfræði
economy,efnahagur
ecosystem,vistkerfi
ecstasy,leiðsla
eddy,hringiða
edge,barmur
edge,brún
edge,hjari
edge,jaðar
edge of a seat,stólbríkurnar
education,menntun
effective annual rate,virkir vextir
effective interest,virkir vextir
effectiveness,hagkvæmni
effectiveness,markvirkni
effective rate,virkir vextir
effect,verka
efficacy,virkni
efficiency,hagkvæmni
efficiency,skilvirkni
effort,áreynslu
effort,fyrirhöfn
effort,viðleitni
EFF%,virkir vextir
egocentric,sjálfsmiðuð
egotistical,eigingjarnan
elbow,hnippa í
elderberry,ylliber
e-learning environments,fjarnámsumhverfi
e-learning,fjarnám
e-learning,fjarskiptanám
electric power,raforka
electric shock,stuð
electrode,rafskaut
electronic id,auðkenni
electronic,rafeindastýrt
electronic wing,rafeindavængina
elegiac,harmljóðlegur
elevated,upphöfðu
elevator speech,lyfturæða
eliminate,útiloka
elision,brottfall
elliptical,sporöskjulaga
eloquent,mælskur
embedding,greyping
embodiment,holdgervingur
embossed,upphleypt
embroidered,bróderaður
embryo,fósturvísir
embryo,kím
emerged,fram kom
emerge,skila sér
emerging computing paradigms,uppkomandi viðmið í tölvun
emojis,broskallar
emotion,geðshæring
emotion,geðshræringuna
emotion recognition,tilfinningakennsl
emotion,tilfinning
emphasize,árétta
empire,keisaradæmisins
employ,beita
employ,beita við
employ,beitt
employer,vinnuveitandi
empty talk,málalengingar
emulsifier,ýruefni
enabler,viðhaldari
encode,kóða
encode,kóta
encoder,kóðari
encoder,kótari
encompasses,fela í sér
encompass,fela í sér
encouragement,örvun
encroachment,sókn
encryption,dulkóðun
ended,endast
end,endið
ending inventory,lokabirgðir
endocrine disorder,innikirtlasjúkdóm
endorse,mæla með
endorsement,áritun
endorser,ábekingar
endospore,dvalargró
end up,ratað
endurance,þol
endurance,þrek
endure,harka af sér
endure,þola
endurskipulagningar,restructuring
end,þrjóta
energetically,fjörlega
energy accounting,orkubókhald
energy domain,orkusvið
energy efficient,sparneytinn
energy,snerpa
enfold,umfaðma
enforcement,fullnustu
engine oil,smurolía
enigmatic,óræðum
enjoy,njóta
Enska,Islenska
Enska,Íslenska
entangle,flækja
enterprise value,heildarvirði
entertainment,afþreying
enthusiasm,ákafi
enthusiasm,ákefð
enthusiasm,eldmóður
entice,lokka
enticing,lokkandi
entirely,alveg
entitlement,réttindi
entourage,föruneyti
entrepreneur,athafnamaður
entrusted,háttsettir
entrust with,fela
envelope,umvafðar
envious,öfundsjúk
envy,öfund
envy,öfundarefni
envy,öfundsýki
ephemera,dægurfluga
ephemeral,hverfull
ephemera,maífluga
epileptic fit,flogakasti
epileptic fit,flogaveikikast
equal repayments,jöfnun afborgunum
equation,kennitölur
equipment,aðföng
equipment,áhald
equip,útbúa
equity,eigið fé
equivalent annual rate,virkir vextir
equivalent costs,jafngildiseiningar
equivalised disposable income,ráðstöfunartekjur á neyslueiningu
era,öld
era,tímabil
erection,reising
erection,uppsetning
erection,uppsláttur
erotic,erótík
error categories,villuflokkar
error corpus,villumálheild
error,skekkja
error,skekkju
error,skekkjur
escape plan,flóttaleiðir
escape,sleppa
escape,slyppu
eschew,forðist
escort,fylgdarmaður
especially,aðallega
especially,einkum
essential,hagnýtur
established,rótgróinn
established,stofnað
estate,bú
estate,dánarbúum
estate,jarðareign
estate,landareign
estate of a dead person,dánarbúum
estimate,telst
etiquette,mannasiðir
eucalyptus,myrtusviður
eucalyptus,tröllatré
euphoria,sælukenndin
eurasian teal,urtönd
European Free Trade Association country,EFTA-ríki
evade,komast undan
evaluate,meta
evaluation,mat
even,kvittur
even,meira að segja
evens out,ganga upp
even though,enda þótt
even though,þrátt fyrir
ever-growing,síaukinni
ever-increasing,síaukinni
evidence,framburður
ewe,rollurnar
exaction,heimtingu
exactly,einmitt
exactly,nákvæmlega
exactly,upp á hár
exaggerated,ýktur
examination,athugun
examination,skoðun
examine,virti fyrir sér
example-based translation,dæmabyggð þýðing
example resource exercise,dæmaæfing
excavate,grafa
excellence,ágæti
excellence,yfirburðir
excellent,ágætur
excellent,frábær
excellent,tilvalinn
exception,frávik
excessive,óhóflegt
excessive,óhóflegur
exchange information,skiptast á upplýsingum
exchange of words,orðaskiptin
excitability,ertanleiki
excite,trylla
excrement,saur
excursion,skemmtiferð
excuse,afsökun
Excuse me who are you?,Fyrirgefðu hver ertu?
exert,beita
exhausted look,þreytusvipinn
exhausted,magnþrota
exhausted,þrekaður
exhaustive,tæmandi
existence,tilvistar
expect,búast
expedite,skjótur
expeditious,skjótur
expenditure,útgjöld
expense item,kostnaðarliða
expenses,útgjöld
expensive equipment,dýran búnað
expensive,kostnaðarsöm
experiment,fikta
experiment,tilraun
expert,umsagnaraðili
expire,fyrnast
explain,skýrt
exploit,arðdræna
exploits,afrek
exploratory data analysis,gagnakönnun
exploratory expedition,könnunarleiðöngrum
explore,grúska
export,fluttar út
export,útflutning
expose,afhjúpa
exposed persons,áhættuhópi
expound upon,fjölyrða
expression,orðatiltæki
expression,orðtak
expression,svipleiftri
express,orða
extended play,stuttskífa
extension,viðbyggingar
extensive,víðtæk
extensive,víðtækur
extinct,aldauða
Extinctionists,aldauðasinna
extinct,útdauður
extract,extrakt
extract,unnar
extract,þykkni
extradition,framsal
extremely,ægilegum
extremely,urrandi
extreme weather,veðurofsanum
eyelid,augnalok
eyelid,augnlok
eyeliner,ælæner
fabric,vefnaði
face against,sporna við
face,ásýnd
face,reisn
facility level,fyrirtækjastig
facing,gagnvart
Factor analysis,þáttagreiningu
factoring,vörureikningsveði
fact,staðreynd
faggot,kynvillingur
fail,bregðist
fail,fall
fail or stop,bregða
failure,bilun
faint,daufur
fainting attack,yfirliðakast
faint,í yfirlið
faint,öngvit
fairness,réttlæta
fair value,sanngjörnu matsvirði
fairy lights,ljósasería
fairy lights,sería
fake news,falsfréttir
fake prayer,uppgerðarbæn
falcon,fálki
fall,bylta
fall,dottnir
fall,hrynja
falls,detta
fame,orðstír
familiar,tamt
family estate,óðalssetur
family gathering,fjölskylduboð
family law claims,sifjaréttarkröfur
family name,ættarnafn
famous last words,fræg andlátsorð
famous last words,fræg síðustu orð
famous,sögufrægur
fanatical,öfgakennda
fantastic,meiriháttar
fare,fæði
farm,býli
farther away,fjær
far too long,von úr viti
fashion model,fyrirsæta
fast,ör
fast,snöggur
fatal blow,banasár
fate,afdrif
fate,örlög
father and son,feðgar
fatigued,þrekaður
fat sausage,bjúga
fat,sver
faucet,vatnskrönum
fault,ágalli
fault,annmörkunum
fault finding,aðfinnslum
fault,gallar
favor,bón
favorite,eftirlæti
fearful,smeykur
fear,ógnin
feasibility,hagkvæmni
feat,afrek
feature,kenni
feature,sérkennaþáttur
features,virkni
feedback,endurgjöf
feedback velocity,viðbragðshraði
feed,mata
feeler,antenna
feeler,þreifari
feeling of arrogance,yfirlætistilfinningu
feel,þreifa
female cat,læða
female ghost,skotta
fern,burkni
ferrule,hólkur
fertilizer,áburður
fervor,ákefð
few and far between,ekki á hverju strái
fez,tyrknesk húfa
fiancé,unnusti
fiber,taug
fiber,trefja
fibromyalgia,vefjagigt
fiddle,fikta
fiddle,fitlar
field,geirinn
field trip,skemmtiferð
field trip,vísindaferð
field trip,vísó
fiend,andskoti
fighting game,slagsmálaleik
fight,slagsmál
fight,slást
figurative,fígúratífur
figurative,hlutbundinn
figuratively,bókstaflega
figurative,myndauðugur
figurative,myndrænn
figurative,óeiginlegur
figurative,táknrænn
figurative,yfirfærður
figure of speech,orðtak
figure skating,listskautar
filch,hnupla
filetype,skráargerðir
file,þjöl
filled out,áritað
filling,seðjandi
film,þynna
filter,síur
filth,saur
finances,efnahagur
finances,fjárhagur
financial accounting,fjárhagsbókhald
financial budget,fjárhagsáætlun
financial,fjárhagslegur
financially incapable,ófjárráða
financial situation,afkoma
financial situation,afkomu
find one's way,ratað
fine particles,svifryk
finery,glys
finished,fullunnar
finished,fyrir bí
finished goods,fullbúnar vörur
finished goods inventory,fullunnar birgðir
finished goods inventory,fullunnar vörur
finished goods inventory leftover,kostnaðarverð óseldra vara á lager
finished,yfirstaðinn
finish,endið
finite state machine,endanlegar stöðuvélar
finite-state machine,stöðuvél
finite-state,stöðuferjöld
finite state technology,stöðuvélatækni
finite state transducer,endandleg stöðuferjöld
fire,bál
firecracker,kínverji
firecracker,púðurkerling
fire debris,snark
fire insurance,brunatrygging
fireplace,arinn
fireproof,eldtraustu
fire,skjóta
fireworks,flugeldar
firework,skoteldur
fireworks,skoteldar
firm,firma
first,á undan
first born,frumburðar
first,fyrst
first,fyrsta
first,fyrstur
first half of,framan af
fishing village,verstöðvum
fish skin,roð
fistula,pípa
fit,falla
fits exceptionally well,smellpassa
fits like a glove,smellpassa
fits,stemma
fitting room,mátun
fixed costs,fastur kostnaður
fixed costs,fk fastur kostnaður
fixed,fastir
fixed indirect costs,fastur óbk
fixed indirect costs,fastur óbk (óbein kostnaðar)
fixed,óafturkræfur
fixed phrase,orðasamband
fixed phrase,orðtak
fixed tangible assets,varanlegir rekstrarfjármunir
fixing,viðgerðir
FKA New Icelanders,FKA Framtíð
flagstone,hella
flame,ástríða
flame,eldur
flame,logana
flame,logi
flamingo,flæmingi
flamingo,flamingófugl
flamingo,flamingói
flap,brot
flap,slást
flash,flassljós
flash,leiftraði
flash of light,ljósglampa
flask,brúsi
flask,#flaska
flatulence,viðrekstur
flaw,annmörkunum
flay,flegið
fleece,flíspeysa
fleece jacket,flíspeysa
fleece sweater,flíspeysa
flee,flýr
Flemish,Flæmingi
fleshless,holdlaus
flex,hnyklaði
flexibility,liðleiki
flexible budget,sveigðri áætlun
flexible,skalanlegur
flicker,flökti
flight,flótti
flight time,flugþol
floating,fljótandi
float,sveimi
float,svífa
flock,flokkur
floor pump,standpumpa
floor subsidence,gólfsiginu
floor-to-ceiling,gólfsíðir
flourish,þrífst
flour,mjöl
flow,flæði
flowing,flæðandi
flow of costs,flæði kostnaðar
fluctuate,sveiflast
fluent,málfimur
fluid,fljótandi
fluid,lögur
flushed,rjóður
foam,froðufellandi
focused,markvissan
focus,einbeita
focus,einblínum
focus,skerpa
fodder,föðrið
foil,þynna
fold,brot
fold the corners to mark one's place in the book,brotið er upp á blað í bók er hætt er lestri
foliage,laufþykkni
follower,fylgdarmaður
following,eftirfarandi
following,eftirtalinna
follows,taka við
fondle,káfa
food,fæða
food,fæði
food,fæðsla
food,matur
food waste,matarleifar
fool around,væflast
fool,bjálfi
fool,lúðó
footpath,troðninga
foppish,spjátrungslegur
fop,spjátrungur
force majeure,sérstók óviðráðanleg atvik
for certain,upp á hár
ford,vað
foreclosure,nauðungarsölu
forefather,ái
forefather,forfaðir
foreign language,annars mál
foreign language,L2
foreign language speakers,annars málshafar
foresight,forsjá
for example,svo að dæmi séu tekin
for example,svo dæmi séu tekin
for example,svo sem
forgetting curve,gleymskuferill
forgiveness,eftirgjafar
forgiveness,eftirgjöf
forgiving,sáttfús
for god's sake,í Guðs bænum
formal acknowledgement of full payment,fullnaðar kvittun
formal acknowledgement of full payment,fullnaðar viðurkenning
formant synthesiser,formandagervill
formation,mótun
form,móta
form,móti
form,myndast
formulate,orðuð
for now,í bráð
forseeable future,ókomin ár
for sure,upp á hár
for the time being,í bráð
fortition,lokhljóðun
fortunately,sem betur fer
fortunately,sem betur fór
fortune cookie,spádómskaka
forward,áleiðis
forward chaining,framkeðjun
fossil,steinrunninn
foul language,fúkyrði
foul smell,fnykur
foundational,órjúfanlegur
foundation,grundvöllur
fountain,gosbrunnur
fowl,alifugl
fowl,hænsni
foxglove,fingurbjargarblóm
foxglove,fingurbjörg blóm
fraction,brot
frailty,veikleika
frame,grind
framkvæmd,programme
franchising,viðskiptasérleyfi
frantic,æðislegur
frantic,hamslaus
frantic,óður
free and clear,kvaðalausa
free time,tómstundir
freighter,fraktskip
freight,farmur
frenzy,trylltur
frequently visited,fjölsóttum
freshman,busi
freshman,nýnemi
fricativization,önghljóðun
friday,fössari
fried,spælt
friendship,kærleikur
frighten,fæla
frighten off,fælt
frightful,skelfilegt
fringe,hjari
from head to toe,frá hvirfli til ilja
from top to toe,frá hvirfli til ilja
front-end,framendi
front,frammi
frost,frosthörkur
frugal,nægjusamur
fruit iced tea,avaxtaíste
frustrate,hindra
frustrate,kollvarpa
frustrate,ónýta
frustrate,skaprauna
frustrate,svekkja
frustration,ógilding
frustration,ónýting
fry,seiði
fuel efficient,sparneytinn
fulfills,standist
full parsing,djúp þáttun
full parsing,full þáttun
fully,fyllilega
fumigate,svæla
fuming mad,bálill
functional description,virknilýsingar
functionality,virkni
functional,vel virk
functioning,starfsemi
function,virkni
function,vörpun
fungal infection,sveppasýking
fun,gríni
fungus gnat,svarðmý
funnel,trekt
funny,spaugilegur
furry,loðinn
further away,fjær
fuss,uppistand
fussy eater,gikkur
future competitiveness,framtíðarsamkeppnishæfni
future value,ávöxtun framtíðarvirði fundið
future value,framtíðarvirði
future value,framvirði
FV,framtíðarvirði
fyrr um daginn,earlier in the day
gadget,græja
gadget,græjum
gaggle of kids,krakkaskari
gag,kefli
gain,ávinningurinn
gain,fengur
galaxy,stjörnuþokum
gallop,valhopp
gallows,gálgi
gamble,gambla
gamble,spila fjárhættuspil
gang,gengið
gang of kids,krakkaskari
gannet,súla
gap,skarð
garment,spjör
garrison,setulið
gas canister,gaskútur
gas tank for the grill,smellugas
gas tank,gaskútur
Gastropoda,snigill
gathering,mannþröng
gather,smala
gauge,mælikvarða
gauze,grisju
gave,lét í té
gawky,rengluleg
gay,hommarnir
Gaza,Gasa
gear,græja
gear,græjur
gearing ratio,langtímaskuldahlutfall
gecko,gekkó
geek,lúði
gel pen,kúlutússpenni
Gemini,Tvíburar
Gemini,Tvíburi
generally,yfirhöfuð
generally,yfirleitt
generation,kynslóð
generator,gjafi
generator,rafall
generator,vaki
generous,gjafmild
generous,göfugmenni
genetic eunuch,erfðageldingur
genocide,helför
gentle breeze,gola
geometry,rúmfræði
germ,gerill
germinate,forrækta
germ,kím
gerontocracy,öldungaræði
gerontocracy,öldungastjórn
gerontocracy,öldungaveldi
gesticulation,handapati
get along,semjið
get a pink slip,fá reisupassann
get a scolding,fá á baukinn
get bent out of shape,fara á límingunum
get,fengnar
get fired,fá reisupassann
get heated,sjóða upp úr
get,hlaust
get,ná
get one's P45,fá reisupassann
get on,semjið
get put on the chopping block,fá reisupassann
get sacked,fá reisupassann
get something done,inna af hendi
get the boot,fá reisupassann
get tired,lýjast
get to the bottom of,brjóta til mergjar
get wind of,kemmst á snoðir um
get you in trouble,gæti komið þér í vandræði
ghost,vofa
gibber,bulla
gibbering,kjökrandi
gibberish,bull
gibberish,hrognamál
gibberish,þvogl
gibber,þvogla
gifted,bráðger
gifted craftsman,völundur
gift,gáfa
giggle,flissa
giggling,skríkjandi
gill,tálkn
ginkgo biloba,musteristré
ginseng,ginseng
give a short account of,reifað
given up for dead,talinn af
give off a pleasant smell,angaði
give or take,til eða frá
gives,vikið að
give,veita
give way,kikna
give way,víkja
glade,rjóður
glance,tilliti
glass eye,gerviauga
glazing agents,húðunarefni
gleam,blik
gleam,glampa
glide,svífa
gliding,svífandi
glinted,glitti
glittering,leiftrandi
gloom,þyngsli
glory,dýrð
glory,frægð
glory,orðstír
glottis,raddglufuna
glucose,glúcósi
glucose,þrúgusykur
glued,líming
goal-directed,ofansækinn
goalie protective equipment,markmannshlífar
goals,stefnu
goblin,svartálfur
gob,túli
goddess,gyðja
go haywire,farið úr skorðum
go haywire,úr skorðum
go hungry,svelta
gold bars,gullstengur
golden cross association,sameiningargullkrossinn
Golden Retriever,Gullinsækir
gold standard,gullstaðal
golgi cell,golgi frumur
good fortune,gæfa
good judge,skynbragð
good luck,gæfa
good time,stuð
good use,nýtast
go on,áfram með smjörið
gooseberry,blæjuber
gooseberry,stikilber
goosebumps,gæsahúð
governor,landstjóri
governor,nýlendustjóri
governor,ríkisstjóri
governor,stjórnarnefndarmaður
gown,hempa
gown,skikkja
gown,sloppur
grace,náðina
grace,þokki
grain of truth,sannleikskorn
grammar checker,málrýnir/málfræðirýnir
grammar correction,málfræðileiðrétting
grammar models and formalisms,málfræðilíkön og formalismar
grammars,mállýsingar
grammatical tagger,málfræðilegur markari
grandeur,reisn
grand,tignarlegur
grant,eigi að láta í té
grant,fjárveiting
grant,veita
grant,veitir
granulated sugar,strásykur
granuloma,bólguhnúður
granuloma,kúla
grapefruit,greip
grapheme combinations,stafasambönd
graphical user interface,myndrænt viðmót
grasp,tileinka
grassy plain,flötum
grave,þungbúinn
gravid,þunguð
gravlax,graflax
great idea,um að gera
Great Wall of China,Kínamúrinn
great white shark,hvítháfur
great white shark,hvíthákarl
greedy,ágjarn
greedy,frekur
greenhorn,græningjarnir
greenhorn,grænjaxl
green,óreyndum
green plover,vepja
greiðsla,fjármuna
grill,glóðarsteikja
grind,gnísti
grind,mala
grin,glotta
gristle,brjósk
gross income,brúttótekjur
gross profit,brúttó ágóði
gross profit margin,brúttóágóðahlutfall
ground beetles,járnsmiðir
ground beetles,smiðsbjöllur
ground,jarðvegur
grounds,forsendur
group conversation,hópsamtal
group,flokkur
group of kids,krakkaskari
grovel,grúfa
grove,lundur
grow,gróið
growled,urraði
grows,þrífst
growth,vöxt
grow,þrifust
g-spot,G-blettur
guarana,guarana
guarantee,ábyrgjast
guarantee,tryggja
guard,gætt
guardian,forsjáraðili
guardian in charge,yfirlögráðanda
guardian,umráðamaður
guard,varðmaður eða vörður
guided,leiðbeindir
guide,fylgdarmaður
guide,leiðbeindir
guilty,brotlega
guilty,brotlegt
GUI,myndrænt viðmót
guinea pig,naggrís
guitar pick,gítarnögl
gullet,kok
gun,hólkur
gurgle,gutlar
gust,vindhviða
gut,slægja
guts,þarma
gut,þörmum
gymnastics,leikfimi
gynosexuality,kvenkynhneigð
gypsy,síguani
gyrfalcon,fálki
gyrfalcon,valur
habits,líferni
habit,tamt
had been completed,höfðu verið unnar
had not anticipated,kom á óvart
had to,hlotið
haircut,klipping
hairpin,hárnál
half-dome,kúpull
halibut,lúða
hallucination,ofsjónir
halt,stöðvuð
handle,handfang
handle,ræður við
handler,handleðara
handmade,handunnar
hand over,eigi að láta í té
hand over,framseldur
hang in there,harka af sér
haphazardous,ófínn
happen,ske
happily,sem betur fer
happiness,sæla
hardcover,harðspjalda
hard drive,harða diska
hard frost,gaddur
hardly,naumlega
hardness,forherðing
hardtack,hrökkbrauð
hare,héri
harmonicity,samhljóm
harmonics,hljómfræðina
harsh,harkalegt
harshness,hörkunni
hartshorn,hjartarsalt
hash,bixímatur
hash,stuð
Háskólatorg,Háskólatorg
haste,óðagoti
haughtiness,reigingur
haughty,þóttafullur
haunt,ásækja
haunting,slæðingur
have in hand,hafa undir höndum
have to,hlotið
hawthorn,snæþyrnir
hayfield,tún
haystack,stabbi
headboard,höfðagafli
head cheese,sviðasulta
head-driven phrase structure grammar,höfuðstýrð liðgerðarmálfræði
headline,fyrirsögn
headline,yfirskrift
head start,forskot
head,stefna
heal,græða
health,heilsufar
health problems,heilsubrests
hear,hlýða
hear,spurn
heartburn,brjóstsviði
heath,heiði
heat-resistant dish,eldföstu móti
heat-resistant mould,eldföstu móti
Heavy Vehicle Tax,Þungaskattur
hedge accounting,áhættuvarnarreikningsskila
hedge accounting,áhættuvarnir
heedless,andvaralaus
heighliner,alferju
helix,gormur
help,dugir
help,gagna
helpless,ráðþrota
help,skila
henchman,handbendi
henchman,skósveinn
herbal extract,jurtaþykkni
hereditary,ættgengt
herpes,frunsu
heuristics,brjóstvitsreglur
heuristics,þumalputtareglur
HFO,svartolíu
hidden,sé fólgin í
hide,fela
hide,felum
highest,æðsta
high interest rate polciy,stýrivaxtahkkanir
high-level language,æðra forritunarmál
highlighter,áherslupenni
highlight,litun texta
highlight,yfirstrikunarlitur
high-low method,hámarks-lágmarks aðferð
high-net-worth individual,auðfýkingur
high-rise,háhýsi
highway,þjóðvegur
hiking shoes,gönguskór
hiking trail,gönguleið
hiking trails,útivistarstígar
hindering,fyrir
hinge,hjara
hint of itself,angi
hipbone,mjaðmabein
hip,lend
hip,mjöðm
histology,vefjafræði
historic,sögufrægur
histronic personality disorder,geðhrifapersónuleikaröskun
hitch,beita
hit,hæfa
hit,lemja
hitman,leigumorðingi
hit,rekast
HLA serotype,vefjaflokkun
HLA,vefjaflokkun
hlutverkaleikur,role-play
HMM methods,aðferðir hulinna markovslíkana
hnökrar,without falter
HNWI,auðfýkingur
hoarfrost,héla
hobby shops,Tómstundaverslanir
hokum,bull
hokum,þræla
holder,handhafa
hold,halda á
hole,hola
hole,holunni
hole in the wall,búlla
hole in the wall,hraðbanki
hole,raufina
holiness,helgidóminn
hollow,lægð
home goods,búslóð
homeless shelter,gistiskýli fyrir heimilislausa
home screen,heimaskjár
homogeneous,samkynja
homo,samkynhneigð
Homo Sapiens,hinn vitiborni maður
homosexuality,samkynhneigð
homosexual,kynvillingur
honest,vammleysi
honeyeater,hunangsfugl
honor,upphefð
honor,vegtylla
hoof,hófur
hooligan,bulla
hopeful,vongóður
hope,vonin
hopper,hólkur
hopscotch,parís
hop,skoppa
hop,skreppa
horde,hjörð
horde,legíó
horde,mannþröng
horizon,sjóndeildarhringur
horizontal,láréttir
hormone,vaki
horoscope,stjörnuspá
horseback riding,útreið
horse,eykur
horsepower,hestafl
horseradish,pipparrót
hostile,óvinveitt
hotdog,hotdog
hot dog,pulsa
hot dog,pylsa
hotdog,slanga
hot,ör
hot tub,heitur pottur
household goods,búslóð
household,hjúskaparstöða
house party,samkvæmi
housing benefit,húsbætur
housing,hýsing
hover,svífa
how,hve
how,hvernig
how,hversu
howl,emja
HPMC,jurtabeðmi
hub,tengikví
hugely increased,stóraukinn
Huldumal,nemendafelagið á HÍ fyrir nemendur í ISE námsbraut
human aided machine translation,mannstudd vélræn þýðing
human leukocyte antigen,vefjaflokkun
human,mennskur
human,mönnum
human resource management,starfsmannahald
human resources,mannaforráða
human trafficking,mansal
humility,auðmýkt
humility,auðmýkt hugfarsins
humility,hógværð
humility,lítilfjörleiki
humility,lítillæti
hummingbird hawk-moth,kólibrísvarmi
humming,suð
humorous,skoplegur
humpback whale,hnúfubakur
hunger,sultur
hungry,ágjarn
hungry,fíkinn
hungry,sólginn
hunt,ofsækja
hurdle rate,ávöxtunarkrafa
hurry,herða
hurt,hrekktur
hurt,hvekktur
husband,eiginmaður
hush,sussar
hush,þagga
hyacinth,goðalilja
hyacinth,hýasinta
hyacinth,jasinta
hybrid vehicle,tvinnbíll
hydrogen,vetni
hydrometer,flotmælir
hypercorrection,ofvöndun
hyperparameter,ytri stiki
hyphenation programs,orðskiptiforrit
hypnic jerks,vöðvakippirnir
hypochondriac,ímyndunarveik
hypocrisy,hræsni
hypocrite,hræsnari
hysterectomy,legnám
hysterical,móðursjúkur
iceberg lettuce,íssalat
ice floe,snjófleki
ice hockey,íshokkí
icelandic dip,eðla
Icelandic wrestling,glíma
Iceland moss,fjallagrös
ice tray,ísmolaform
ice tray,klakaform
icy cold,svellkaldur
idea,hugtak
idea,hugtök
ideal,bjartsýnn
ideal efficiency,hámarksskilvirkni
idealism,hughyggja
ideal standards,fullkominn staðall
ideaology,hugmyndafræði
identical,samhljóða
identical twin,eineggja tvíburi
identification number,kennitala
identified,greinist
identity verification,sannreyning upplýsinga
idiom,orðtak
idiot,bjálfi
idiot,bjáni
idiot,lúðó
idler,letihaugur
idle talk,málalengingar
idling,lausagangur
id number,kennitala
I encourage you to do it,um að gera
if you don't mind,ef þér er sama
igneous rock,storkuberg
ignorance,fáfræði
ignore,hunsa
I liked,mér leist
I'll get even with you,Ég mun finna þig í fjöru
I'll have to remember that,Þennan þarf að ég muna.
ill-repute,óorð
ills,illur
illusion,sýnd
image,ímynd
imagine,hugarlund
I'm in a hurry and have to go,Ég þarf að drífa mig.
I'm in pain,Ég finn svo til
imitate,líkja
immaculate,óaðfinnanleg
immediate,án tafar
immediately,í einum grænum
immediately,um leið
immediately,umsvifalaust
immediate surroundings,nærumhverfi
immediate,tafarlaus
immersed,niðursokkinn
imminent,í aðsigi
imminent,yfirvofandi
immoral,siðlaus
immoveable,óbifanlega
imp,ári
impart,miðla
impatient,ör
impending,í aðsigi
impending,yfirvofandi
impertinent,ósvífinn
impervious,samdauna
implementation,innleiðing
implement,innleiða
important,hugleikin
important,um að gera
importunate,nærgöngull
impossibility,ógerningur
impossible,ótækt
impotent,vanmáttugan
impress,heillaðu
impressive,aðsópsmikill
impressive,impónerandi
impressive,tilkomumikill
imprisonment,fangelsisdóm
improve,bæta
improved,betrumbætt
improvement culture,umbótamenningu
improvement,umbótum
improvement,úrbóta
improvisation,spuni
impudent,kræfur
impudent,ósvífinn
in a big way,stíll
inadequate,ábótavant
in ancient times,í fyrndinni
in a row,í spottum
inauguration,vígsla
in bad faith,grandsamur
inbreeding,innrækt
incapable,ófær
incapacity,vanhæfni
incessant,stóðugt
incessant,stöðugur
incessant,þrotlaus
incest,sifjaspell
incinerator,tortímingarbúnaðinn
incisive,hnitmiðuðum
incisor,framtönnin
inclining,Skakkur
includes,fela í sér
includes,innifela
income statement,rekstrarreiknings
income statement,rekstrarreikningur
income tax,tekjuskattur
income,tekjur
income,tekjurnar
incompetent,vanhæfan
incomplete,ófullgerðar
in conjunction,í takt
inconvenience,óþægindi
increases,jukust
incredible,ótrúlegur
incremental analysis,jaðargreining
incurred,áfallinn
independent,óháður
independent variable,óháða breytan
indexing,lyklun
index,vísitala
index,vísitölu
Indian paradise flycatcher,indverski paradísargrípur
indicate,hniga
indirect cost,óbeinn kostnaður
indirect costs,óbeinn kostnaður
indirect costs,óbeins kostnaðar (óbk)
indiscipline,agaleysi
indisposition,forföll
indissolubly,órjúfanlega
individual word speech recogniser,stakorðagreinir
individual word speech recognizer,stakorðagreinir
in-domain,innan óðals
indubitable,ótvírætt
inducer,vaki
induce,teyma
inductive logic programming,aðleiðsluleg rökforritun
indulgence,eftirlæti
indulging,undanlátssemi
industrial nation,iðnríkjum
industriousness,starfsemi
industry,bransanum
industry,bransi
inexperienced,óreyndum
infamous,alræmt
infant,pelabarn
infer,álykta
inferiority complex,minnimáttarkennd
infertility,ófrjósemi
inflammation of the lymph,eitlabólgu
influential,áhrifamikill
information access,upplýsingaðgangur
information economics,upplýsingahagfræði
information extraction,útdráttur upplýsinga
information,fræðslu
information processing,upplýsingavinnsla
information retrieval,upplýsingaheimt
information technology,upplýsingatækni
infrared,innrauða
infrastructure,innviðir
infringe,brotið á
in full,fullu
infusion,gjöf
in general,yfirhöfuð
in good faith,grandlaus
ingrained,rótgróinn
ingredients,innihaldsefni
inhibit,bæla
in-house,hýsing
in-house,innanhúss
inimical,illviljaður
inimical,óvinveittur
inimical,skaðlegur
initially,framan af
initial position,upphafsstöðu
initiative,athafnasemi
injured,slasast
injure,móðga
in kind,in natura
in kind,samkvæmtefnisinu
inlanders,innlendingur
innate traits,eðliseinkenni
in need,áttu bágt
innerside of the roof,rjáfur
innovation,nýsköpun
innovation speed,nýsköpunarhraði
innovative,framsækinn
innuendo,dylgjur
innumerable,ótal
innumerable,óteljandi
… in one go,... í einum spreng
in-person group,staðarhópur
in person,í eigin persónu
in private,einrúmi
input,ílag
input text,ílagstexti
input text,viðfangstexti
input,viðfang
in question,viðkomandi
in relation to,gagnvart
insane,snargeggjaður
inscribed,áritað
inscrutable,óræður
inscrutable,órannsakanlegur
in secret,á laun
insecure,óöruggir
insider trading,innherjaviðskipti
insignificant,smávægilegir
insolent,ósvífinn
in solidum,solidarísk
insomnia,svefnleysi
inspection,skoðun
installation,lögn
installment,hefti
installments agreement,raðgreiðslusamingur
installments,raðir
instant noodles,pakkanúðlur
instant,skjótur
instant soup,pakkasúpum
in step,í takt
instinctive,ósjálfrátt
instructed,leiðbeindir
instruction,fræðslu
instrument,verkfærin
insult,móðga
insurance,trygging
insurance,vátryggingar
intellectual,vitrænar
intellectual,vitsmunaleg
intelligent looking,gáfulegt
intended,fyrirhugaða
intend,hyggjast
intensity,styrkleika
intention,áform
intent,markvissan
interchange,víxli
interest coverage ratio,vaxtaþekja
interest expenses,vaxtagjöld
interest on arrears,dráttarvaxta
interest on arrears,drattarvextir
interest on arrears,dráttarvextir
interest rate,ávöxtunarkrafa
interest rate,vaxtastig
interest,renta
interest terms,vaxtakjör
interest,vextir
interest,vöxtur
interface,viðmót
interim,millibili
interior,innviðir
intermittent,slitróttir
internal,innbyrðis
internal medicine,lyflækningar
internal process perspective,innra ferlasjónarhorn
interrogation,yfirherslur
intersex,intersex
intertwine,samtvinnaðra
interval,millibili
intervention,afskipti
intestines,innyfli
intestine,þörmum
in the first part,framan af
in the meantime,í bráð
in the quarter in question,í viðkomandi ársfjórðungi
in the same instant,í sömu andrá
in the same quarter,í viðkomandi ársfjórðungi
in the top half,ofanverða
in the way,fyrir
in the way,fyrirstöðu
in this quarter,í viðkomandi ársfjórðungi
intimacy,nánd
in time,í takt
intimidate,hræða
in total,solidarísk
intranet,innranet
introduce,innleiða
introduction,innleiðing
intuition,innsæi
intuitive language-based interfaces,hugsýn málbundin skil
inundate,flæða yfir
invalidate,fyrnast
invalidate,ónýting
invalid,ógildur
inventoriable costs,birðakostnaður
inventory,lausafjármunum
inventory turnover ratio,veltuhraði birgða
investigate in depth,brjóta til mergjar
investigation,rannsókn
investigator,rannsóknarmaður
investment,fjárfesting
investment presentation,fjárfestakynningur
invincible,ósigrandi
invocation,ákall
involved,viðriðin
in working condition,starfhæfur
(IPOV - samningnum) International Convention for the Protection of New Varieties of Plants,alþjóðþegum samningi um vernd nýrra yrkja
ironic eyes,hæðnisaugum
ironic,hæðinn
irrefutably,óhrekjanlegt
irresistible,ómótstæðilegur
irreversible,óafturkræfur
(IRR) internal rate of return,innri vexti
irritability,ertanleiki
irritate,áreiti
irritated,ergileg
irritated,úrill
irritate,ergja
irritation,ergelsi
is done,standa klár
is finished,leysist
island,eyland
isolated word recognizer,stakorðagreinir
isolated word speech recognition,stakorðagreining
isolate,einangrum
is on hand,liggja fyrir
issue,afkvæmi
italics,skáletur
itemized,sundurliðun
item,liðum
item of clothing,flík
iterate,tíunduð
it,hann
it,hún
it means nothing,það þýðir ekki
it's pointless,það þýðir ekki
it,það
Ivory Coast,Fílabeinsströndin
ivory,fílabein
jabber,mala
jacuzzi,heitur pottur
jade ring,jaðihring
jagged,skörðóttri
jail,steinn
jargon,sérhæfð hugtök
jaundice,gulu
jaw,kjálki
jaw,skoltur
jay,skrækskaði
jealous,afbrýðisamur
jealous,öfundsjúkur
jelly,hlaup
jerk,dónakall
jerk,dónakarl
jerk,lúði
jerk,lúðó
jerky,þurrkað kjöt
jest,gríni
jet,þjóta
jiggle,juða
jingoism,þjóðrembingur
JIT(just in time) manufacturing,tímastillt framleiðsla
jitterbug,tjútta
job order costing,verkbókhald
job,verk
jogging,skokk
jog,skokk
jog,skokka
join in the fun,slást í för með
join,slást
joint,búlla
joint cost,sameiginlegan framleiðslu kostnaðar
joint,hólkur
jointly-owned building,fjöleignarhús
jointly,sameiginlega
jointly,solidarísk
joint taxation,samsköttun
joke,gríni
joke lovers,brandaraunnendur
joke,spauga
joke tellers,grínistar
jolted,hrökk
jolt,högg
jostle,hrinda
jostling,mannþröng
journal entries,dagbókarfærslan
judicial trial,réttarhaldið
jumper,peysa
jump,flaðra
jumping,stökkvandi
jump rope,sippuband
jump,stökkva
jump,viðbrögðum
juniper,einir
junk,skrifli
justice,réttvísi
justice system,réttarkerfi
juvenile,ungæðis
keen,eldmóður
keen,hvass
keep a promise,efna
keep cool,halda rónni
keeper,umráðamaður
keep,gætt
keep going,áfram með smjörið
keeping cats,kattahald
keeping cats,kattahold
keeping,varðveislu
keep out,aðgangur bannaður
keep,varðveitir
keep your composure,haldið kulinu
kelp,þang
kennitala,kennitala
keratin,keratín
keybone,viðbein
key enabling technology,lykilstuðningstækni
keyhole,skráargat
key,nóta
keyword-based search,lykilorðaleit
kick the bucket,geispa golunni
kid,krakki
kids garage sale,tombóla
killer,bani
kill,farga
kind,greiðvikið
kingfisher,þyrill
kinship,sifjar
kinship,skyldleika
kip,kippa
kip,sveifla
kiss-ass,sleikja
kith and kin,vinir og vandamenn
knee,hné
kneel down,krjúpa
knife strike,hnífshögg
knit,prjón
knitting needle,garnnál
knitting needle,prjónn
knob,hnúður
knock,banka
knock her out,slá hana út
knock out,rota
know,kunni
knowledge discovery,þekkingaröflun
knowledge-driven,þekkingarstýrð
knowledge exchange,þekkingarskipti
knowledge,lærdómur
knowledge management,þekkingarstjórnun
knowledge technology,þekkingartækni
knowledge,vitund
label,mark
label,merkja
labor efficiency variance,magnfrávik vinnu
labor efficiency variance,vinnunýtingarfrávik
labor price variance,launaverðsfrávik
labor price variance,taxtafrávik
labor price variance,verðfrávik launa
labor quantity variance,launafrávik
labor quantity variance,magnfrávik launa
labor quantity variance,magnfrávik vinnu
labor quantity variance,tímafrávik
labor quantity variance,vinnumagnsfrávik
labor,vinnuafls
lace,blúnduna
lackey,skósveinninn
lacking,áfátt
lacklusterly,dauflega
lad,snáða
ladybug,maríuhæna
ladybug,sjödepla
lady of the house,húsráðandinn
lagging,eftirá
lambda reduction,aflömbdun
lambda reduction,lambdaeinföldun
lame,hallærislega
lament,harma
laminated,plöstun
lamina,þynna
lamp post,götuljós
landfill,urðun
land legislation,jarðalögum
landlord,vert
landmarked,friðlýstur
landmark,friðlýsa
landmark,kennileiti
landslide,skriða
lane,akrein
langostine,humar
language analysis,málgreining
language checking,málrýni
language engineering,máltækni
language engineering,tungutækni
language generation,málgerving
language generation,málmyndun
language modelling,gerð tungumálalíkana
language model,mállíkan
language resources,málföng
language resources,málgögn
language technology application,máltæknibúnaður
language technology,máltækni
language technology,tungutækni
language tools,máltæki
language understanding,málskilningur
lapse,fyrnast
larynx,barkakýlisins
laser,leysir
lasting,varanlegur
latch,krækja
latch,lokur
late,framorðið
latent semantic analysis,hulin merkingargreining
late payment,greiðsludráttur
laters,heyrumst
late,síðbúnum
lats,bakbreiðavöðvi
laugh at you or with you,hlæja að þér eða með þér
laugh,skellum
lava cake,blaut súkkulaðikaka
law enforcement,löggæsla
law enforcement,löggæslu
law,lögmál
lawn,flötina
lawnmowing,grassláttur
law of obligations,kröfurétti
law of obligations,kröfuréttindum
laws and rights,lög og réttur
lax standards,slakur staðall
layabout,letihaugur
layoff,hópuppsögn
lazybones,letihaugur
lazy,hægfara
lazy,iðjulaus
lazy,latur
Lazy-legs,letihaugurinn
lazy,letilegur
lazy,lygn
lead,blý
lead by the reins,teyma
leader,leiðari
leadership,forysta
leading,leiðandi
lead,leiða
leaf,þynna
leaned,hallaðist
lean,halla
leapfrog,höfrungahlaup
leap,skreppa
leap year,hlaupár
learning and growth perspective,lærdóms- og vaxtarsjónarhorn
learning,lærdómur
leasing,eignaleiga
leave,segja skilið við
lecithin,lesitín
lecture,röfla
ledge,sylla
ledge,syllu
left out,útundan
legal act,löggerningi
legal act,löggerningur
legal bond,skjalapappír
legal counsel,lögfræðiþjónustu
legal entity,lögaðilar
legal guardian,forsjáraðili
legality,réttmætri
legally ordained division,lógskiptum
legal procedure,réttarfar
legal status,réttarstöðu
legislation,löggjöf
legitimate,skilgetinn
leisure activity,tómstundastarfi
lemma,flettimynd
lemma,kennitölur
lemma,nefnimynd
lemonade,límonaði
lend,ljá
length of the rope,reipisfjarlægð
lenition,veiklun
lens,augngler
lenten rose,fösturós
lenten rose,páskarós
Leo,Ljón
Leo,Ljónið
leptospirosis,leptóspírósis
leptospirosis,mjógyrmasýki
less,minna
lesson plan,kennslufyrirkomulag
let down,bregðist
lethargic,framlágur
let it go,láta <> sigla sinn sjó
letter of intent of the law,löggerningur
letter of intent,viljayfirlýsing
let the cat out of the bag,leysa frá skjóðunni
lettuce,salat
leukemia,hvítblæði
level 1 analysis,1. stigs greining
level 2 analysis,2. stigs greining
level 3 analysis,3. stigs greining
levitate,svífa
levy,álagning
lexeme,les
lexical analysis,lesgreining
lexical semantics,orðfræðileg merkingarfræði
lexicon acquisition tool,orðtökutól
lexicon coding tool,orðasafnskótunarverkfæri
lexicons,orðasöfn
liabilities,skuldir
liability less,kvaðalausa
liability,skuld
liability,skuldbinding
libel,nið
library,forritasafn
library,forritseining
Libra,Vog
license,afnotaleyfi
licensed,löggiltur
lid,tappi
lien,haldsréttur
lien,veðbönd
lie,skrökva
life in the moment,lífðu í punktinum
lifeless,daufar
lifestyle inflation,lífsgæðakapphlaup
lifestyle,líferni
lift,hífa
lighter,laus
lighting,lýsing
light,lýsa
lightning,elding
lightning fast,eldsnöggur
light,tendra
light,tendraði
lightweight,léttur
lightweight,léttvægur
lightweight,léttvigt
lightweight,veigalítill
like a beaten dog,eins og barinn hundur
like a broken horse,eins og barðir hundar
like,fíla
lilac breasted roller,stélhrani
lilac,sýrena
lilac,sýringa
lily of the valley,dalalilja
limited,einskorðast
limited,skertur
limit,einskorða
limpid,tær
liner,hólkur
linger,una
linguistically annotated corpora,málfræðilega markaðar málheildir
linguistic computing,máltölvun
linkage,tengsl
linked data,tengd gögn
lint,kusk
lip balm,varasalvi
lips,varir
liquescent,fljótandi
liquid,fljótandi
liquidity,greiðsluhæfi
listed,friðlýstur
listen from a distance,hlustið úr fjarlægð
listen,hlýða
list,friðlýsa
list,tíunduð
litigator,sækjandi
little cakes,klatti
little creek,lækjarspræna
little girl,skotta
liver,lifur
livestock,búfé
living quarters,vistavera
load,farmur
loading bay door,hleðsludyr
loaf,hanga
loanshark,okurlánari
loan word,lánsorð
loan word,sletta
loan word,tökuorð
loaves of bread,brauðhleifa
localisation expert,staðfæringarsérfræðingur
lock of hair,lokka
lodging,híbýli
lodging,hýsing
loftiness,yfirlætislegt
logorrhea,munnræpa
loin,lend
longevity,langlífi
longing,löngun
long-run,lang-tíma
long-standing,rótgróinn
long-term debt ratio,langtímaskuldahlutfall
look after,halda á
look around,svipaðist
look,ásýnd
look away,lítið undan
look,blær
loo,klóið
loop,lykkja
loot,þýfi
Loricariidae,Sporðgranaætt
lose control,missa tökin
lose,glatar
loss,hallann
loss,missis
loss,tap
lotion,áburður
loud,hávær
loud raw rock music radio station,graðhestastöð
lout,ruddi
love addiction,ástarfíkn
love,kærleikur
low cost phone line,grænt númer
lower,hnipra
low-fat milk,léttmjólk
low flat rock,klöpp
low,lægð
low pressure area,lægð
low tide,fjara
l-sit,lágvinkill
luck,heilum
luckily,giftusamlega
luge,baksleði
lukewarm,volgur
luminous,sjálflýsandi
lump sum,ein greiðsla
lunacy,vitfirring
lunar eclipse,tunglmyrkvi
lure,lokka
lures,ögn
luster,slikja
lusty,öflugu
luxurious,dýrindis
lymphadenitis,eitlabólgu
lymphocyte,eitilfruma
lyncher,negrabani
lynx,gaupa
lysosome,leysibóla
machine-aided human translation,vélstudd þýðing
machine capacity,afkastageta véla
machine code,vélarmál
machine learning algorithms,vélnámsreiknirit
machine learning,vélanám
machine translation,vélræn þýðing
machine translation,vélþýðing
machismo,karlrembur
macroprudential,þjóðhagsvarúð
made a face,gretti sig
made-to-order,einstökum pöntunum
magician,galdrakarl
magician,seiðkarl
magnanimous,drenglyndur
Magnificent frigatebird,fagur freigáti
magnificient quality,mikilfengleiki
magnitude,stærð
magpie,skjór
mahi mahi,gullmakríll
mail order,lausasala
main categories,höfuðflokka
main,helstu
main inspection,aðalskoðun
mainly,aðallega
main part,megn
mainstay,haldreipi
maintain,fullyrða
maintenance,framfæri
maintenance payments,meðlagsgreiðslur
maintenance,viðhald
major change,stökkbreyting
major,meiriháttar
make a bad impression,kemur illa fram við þig
make a face,grettir sig
make a good impression,kemur vel fram við þig
make a mountain out of a molehill,gera úlfalda úr mýflugu
make friends,vingast
make,gerð
make history,brjóta blað í sögunni
make,innt
make,innt af hendi
make it through,hafa það af
make,laga
make plans,leggja á ráðin
makes itself known,gera vart við sig
make sure,ganga úr skugga um
making,skópun
making,sköpun
male chauvinism,karlrembur
malfunction,bilun
malice,illkvittni
malicious,illkvittinn
malicious,illviljaður
malinger,skrópa
manage,annast
management,rekstri
management,stjórnun
management,utanumhald
management,yfirstjórnendur
managerial accounting,rekstrarbókhald
managerial accounting,rekstrarbókhaldi
manage,starfrækti
manage,takast
manhole cover,hlemmur
maniac,brálæðingur
mania,oflætisástandinu
manifestation,birtingarmyndir
manifest,augljós
manifest,áþreifanlegur
man,mönnum
manna,manna
manner,fas
manner of upbringing,uppeldisaðferðum
manners,mannasiðir
manner,viðmót
manor,setur
manpower,vinnuafls
man's man,kallakall
mantle,kufl
manual,beinskiptur
manufacturing,framleiðsluna
manufacturing overhead,framleiðsluálag
manufacturing overhead,óbeinn framleiðsluálag
manufacturing overhead,óbeinn framleiðslukostnaður
manure,áburður
manure,mykja
manure,saur
manure,tað
map,kortleggur
mapping functions,vörpunarföll
mappings,varpanir
map viewer,kortasjár
marathon,hámhorf
margin,álagning
marginal tax,jaðarskattur
margin,framlegð
margin of safety,öryggisbil
margin of safety,öryggismörk
marijuana,stuð
marinate,marínera
marionette,strengjabrúða
mark a turning point,brjóta blað í
marked,merktir
marker,tússpenni
market price,markaðsverð
market rate,markaðsverð
market value,markaðsvirði
mark,för
markup,álagning
marlin,spjótnefur
marriage,hjúskap
marshal,æðsti herstjóri
marshal,marskálkur
martial art,bardagalist
mass,mannþröng
mass,mergð
mass-produced,fjöldaframleiddur
master,tileinka
mast,súla
masturbate,fróa sér; runka sér;kippi í
match,stemma
material,efniskennt
material,efniviður
materialized,líkömnuðust
materials cost,efniskostnaður
materials price variance,verðfrávik
materials price variance,verðfrávik hráefnis
materials quantity variance,magnfrávik
materials quantity variance,magnfrávik efnis
materials quantity variance,magnfrávik hráefnis
materials quantity variance,nýtingarfrávik
material wellbeing,efnahagur
mathematical methods,stærðfræðilegar aðferðir
matrimony,hjúskap
matter of opinion,álitamál
maximum entropy methods,hámarksóreiðuaðferðir
mayfly,dægurfluga
mayfly,maífluga
may,mega
mayonnaise,majónes
MC,emmsjé
meadow,bali
meadows,engjar
meadow,tún
meal,máltíð
meal,snæðingur
meal time,máltíð
meal time,snæðingur
meaning representation,merkingartáknun
mean,meðaltal
measles,mislingar
measurable,mælanleg
measurable,mælanlega
measure,mælikvarða
measure,mælingar og útreikninga
measure,ráðstöfnun
measure,ráðstöfun
mechanization,vélvæðingu
mechanize,vélvæða
meddler,slettireka
media discussion topics,fjölmiðlaumfjöllun
median,miðgildi
media talking points,fjölmiðlaumföllun
medicine,meðalið
medley swimming,fjórsund
medley,syrpa
meetups,stefnumóta hópur
melancholy,depurð
melancholy,depurðar
melancholy,þyngsli
melted,bræddur
membrane,himna
membranes,himnur
memory based tagger,minnismarkari
menace,hótun
menace,ógnun
mend,gera við
meninges,heilahimnu
men's health doctor,þvagfæralæknisfræði
menstrual cup,tíðabikar
mental disorder,geðraskanna
mental disorder,geðröskun
mental disorder,geðröskunum
mentally disabled,þroskaheftur
mental sensitivity,geðnæmnin
mention,framfæri
mention,vikið að
merchandise,varning
merciless,óvæginn
merger,samruni
mesmerising,dáleiðandi
message,boð
message,orðsendingu
mess around,fikta
messing with,stríða
meta analysis,fjölgreining
metal industry,málmiðnaður
metamorphosis,hamskipti
meteor shower,loftsteinadrífa
meteor shower,loftsteinaregn
meters above mean sea level,metar hæð yfir sjávarmáli
meters above mean sea level,m.h.y.s.
method,framsetning
meticulous,vandvirkur
microbe,gerill
microorganism,örvera
microprudential,eindarvarúð
Midwest,Miðvesturríkin
might,máttur
mighty,öflug
mild,vægur
milestone,áfangi
milestones,vörðurnar
milestone,tímamót
military encampment,herbuðunum
military town,setuliðsbæ
milkshake,sjeik
mill,mala
mince,saxa
mindfulness,gjörhygli
mindfulness,núvitund
mindset of a wolf,úlfsham
mindset,þekjandi
minimal pair,lágmarkspar
minimum purchase,lágmarksviðskipti
minor point,smáatriði
minutiae,smáatriði
miracle,kraftaverk
miraculously agile,undrafimur
mire,forað
mischief,fláttaskap
miserable,vansæll
misery,þjáning
missive,sendibréf
miss,ungfrú
mistake,feill
mistake,skekkja
mistake,skekkju
mistake,skyssa
mistreat,misþyrma
mistress,hjákona
mist,úði
misuse,misnotar
moan,gnauða
moat,díki
mobile classrooms,færanlegar kennslustofur
mobile classrooms,gámakennslustofur
mobile crane,kranabíla
mobility,flæði
mobility,hreyfigeta
mob,mannþröng
mock,móða
mock up,móta
model,fyrirsæta
model,móta
models,líkön
moderate,hóflegur
moderation,hóf
moderation,hófsemi
modest,hæverskur
modest,lítill
modest,prúður
modest,rauplaus
modest,siðprúður
modest,smár
modesty,hæverska
modesty,hógværð
modesty,látleysi
modesty,lítillæti
modesty,prúðmennska
modesty,siðprýði
mode,tíðasta gildi
modular classrooms,færanlegar kennslustofur
modular classrooms,gámakennslustofur
module,eining
module,mótull
modus operandi,vinnubrögðum
mohair,angóraull
moist,blautur
moist,rakur
moist,votur
molar,jaxl
mollusc,doppa
molt,hamskipti
moment,hríð
moment,stundarkorn
mommy's boy,mömmustrákur
monarch,einvaldur
monitoring,vöktun
monkey,apaköttur
monopolistic position,einokunarstöðu
monster,óvættur
mood,hugur
mood,skap
moonlight,tunglsbirta
moonlight,tunglsljós
moon,múna
moral hazard,freistnivandi
morality,siðferði
morals,siðferði
more competent,kunnáttusamlegri
more dead than alive,aðframkominn
more exalted,æðri
more or less,hálfgerður
more worldly,veraldlegri
morning,árdegis
morning dew,morgundögg
moron,bjáni
morose,önuglyndur
morphine drip,morfíngjöf
morphological analysis,orðhlutafræðileg greining
morphological disambiguation,orðhlutafræðileg einræðing
morphological parsing,orðhlutafræðileg þáttun
mortal danger,lífsháska
mortgageable,veðhæfur
mortgage deed,veðskuldabréfunum
mortgage,veðbönd
moss phlox,lyngljómi
most dangerous,skæðasti
most infamous,alræmdasta
most,megnið
most suitable,heppilegast
motorcycle gang,vélhjólalið
motorscooter,skellinöðruna
motorway,hraðbraut
motto,kjörorð
mould,móta
mould,móti
mountain range,fjallgarður
mourner,líkfylgdarmaður
mourner,syrgjandi
mourn,sútar
mousse,frómas
mouth of the cave,hellismunnanum
mouth ring,munnhring
moveable assets,lausafjármunum
moveable,færanlega
moveable,færanlegur
move about restlessly,iða
move,bær
move,bæra
move,bifa
moved,færðir
move,færðir
move forward,fara í farvegi
move oneself,bærast
move quickly,bregða
mow,slá
m. pectoralis major,stóri brjóstvöðvi
mucilage,jurtaslím
muddled,brengluð
muddle,flækja
mud,drulla
muddy,gruggugur
mug,krús
multicolored,marglitur
multi-,fjöl-
multilingual corpora,margmála málheildir
multilingual generation,margmála málmyndun
multilingual information retrieval,margmála upplýsingaheimt
multilingualism,margmæli
multilinguality,margmæli
multilingual speech processing,margmála talvinnsla
multimedia documents,margmiðlunarskjöl
multimedia information extraction,útdráttur margmiðlunarupplýsinga
multimedia information retrieval,margmiðlunarupplýsingaheimt
multimedia retrieval,margmiðlunarheimt
multimixer,steinvinnsluvélina
multimodal communication,fjölhátta samskipti
multimodal communication,marghátta samskipti
multimodality,fjölskynjun
multimodality,fjölskynþátta
multiple choice question,fjöl-val spurning
Multiple comparisons,margföldum samanburði
multiple regression,fjölbreytuaðhvarfsgreiningu
multivariate statistics,margbreytitölfræði
mumble,uml
munching,japlandi
murderer,bani
muscle cell,vöðvafruma
muscle fiber,vöðvaþráður
muscle tension,vöðvaspenna
mush,mauk
must be,hljóta
muster up some courage,bíttu á jaxlinn
must,hlaust
must,hlotið
must,hlyti
must've,hlotið
mutation,stökkbreyting
mutual,gagnkvæm
mutual help,samhjálp
mutual,innbyrðis
mutuality,gagnkvænum
mutually,sameiginlega
mycosis,sveppasýking
mystic,dulspekingur
myth,mýta
nail down a time,negla hann niður
nail it down,negla hann niður
nail,negla
named entity,nefnd eining
named entity recognition,nafnakennsl
named entity recognition,nafnaþekkjari
named entity,sérheitaeining
narcissistic personality disorder,sjálfsdýrkunarpersónuleikaröskun
narrative,frasögnin
narrative,frásögnum
narrator,þulur
narrowed,kipraði
narrow,krappur
narrow,mjór
narrow,þröng
narrow,þröngur
narwhal,náhvalur
narwhal,náhveli
nasal root,nefrót
natant,fljótandi
nationality,ríkisfang
national police commissioner,ríkislögreglustjóra
native,frumbyggjarnir
natural drug,náttúrulyf
natural,eiginlegum
natural,hispurslaus
natural language generation,gerving náttúrulegs máls
natural language generation,myndun náttúrulegs máls
natural language parsing,þáttun náttúrulegs máls
natural language processing,málvinnsla
natural medicine,náttúrulyf
natural remedy,náttúrulyf
natural science,raunvísindi
near to one's heart,hugleikin
Nebria rufescens,járnsmiður
neck,stútur
needle,saumnál
needlework,saumsaskapinn
needy,þurfandi
neglected,vanrækt
neglected,vanrækti
neglect,vanrækslu
negligence,vanrækslu
negotiable document,viðskiptabréf
negotiate,semja
neighborhood,grennd
neighborhood,nærumhverfi
neigh,hneggja
neoliberalism,nýfrjálshyggjunnar
nepobaby,laundóttir
nerd,lúði
nerd,nörd
nerd,proffi
nervous,smeyk
nervous system,taugakerfi
nervous,taugaóstyrkur
nervous wreck,taugahrúga
nest,hreiður
net income,ráðstöfunartekjur
net present value,hreint núvirði
netting,skuldajafnaðar
neural networks,tauganet
neurodegenerative disease,taugakerfissjúkdóm
neurodevelopmental disorder,taugaþroskaröskun
neurotic,hugsjúkur
neurotic,taugaveiklaður
New Holland honeyeater,hunangsfugl
new icelander,íslendingur sem var ekki fæddist á Íslandi
new icelanders,framtíð
news,fregn
newsreader,þulur
New York,Nýju Jórvík
next to,við hliðina á
n-grams,n-stæður
nibble,naga
niche,kima
niche,kimi
nicknamed,uppnefndu
nimble,liðugur
nincompoop,bjálfi
nip,glefsaði
nobility,aðall
noble,drengilegur
noble,göfugur
no ceasing,ekkert lát
nod,nikkar
noise,hávaði
noisy channel model,truflunarlíkan
nominal interest rate,auglýstir vextir
nominal interest rate,nafnvextir
nominal interest rate,uppgefnir
nominate,tilnefna
non-attendance,fjarvera
non-binary sexuality,kynsegin
non-cash items,ófjárhagslegir liðir
non-compliance,vanefndir
noncompliance,vanefndir
non-current assets,fastafjármunir
non-fiction books,fræðibækur
nonsense,bullið
nonsense,heimskuhjal
nonsense,kjaftæði
nonsense,vitleysa
nonsense,þvaður
nonsense,þvæla
nonsense,þvættinginn
non-textual format,á öðru sniði en sem texta
noose,hengingaról
noose,lykkja
normal costing,álagsaðferð
normalized,staðlaður
normal standards,raunhæfur staðall
Northern Lapwing,vepja
nose bridge,nefrót
nose,nef
notable feat,afreksverk
not aligned,skakkur
not due for payment,ógjaldfallnar
notebook,hefti
not,eigi
notes payable,nýja lánið
notice,fyrirvara
notice,koma auga á
not quite,ekki alveg
not standing straight up,skakkur
novelty,nýmæli
no way!,glætan!
nozzle,stútur
NPV,hreint núvirði
NRV%,NV%
nuclear fusion,kjarnasamruna
nudge,hnippa í
nugget,málmstykki
nugget,naggur
nuisance,trafala
Null hypothesis,núlltilgátan
nullification,fyrning
numbness,doði
numeral,tölunafnorð
numeral,töluorð
nurse shark,fósturháfur
nurse shark,skeggháfur
Nutrient Reference Value,næringarviðmiðunargildum
nylon,nælon
oarfish,síldakóngur
obesity,offita
obey,hlýða
objectify,hlutgera
objectional,aðfinnanleg
objection,múður
objections,mótbárur
objective function,kostnaðarfall
objective,hlutlæga
obligingness,lipurð
obliquely,á ská
obliques,skávöðva
obliterate,afmá
oblivious,grandlaus
oblong,aflangur
Oblong Woodsia,Liðfætla
obnoxious,frekur
obscure,torskilinn
obsequious,smeðjulegur
observation,athugun
observation,eftirtekt
observed value,athugun
obsession,þráhyggja
obsessive thoughts,þráhyggjuhugsunum
obstacle course,hreystibraut
obstacle,síls
obstacle,vankvæði
obstacle,þröskuldur
obtain,fengnar
obtain,öðlist
obtain,svældur út úr
obtain,útvega
occasion,tilefni
occupants,ábúendur
occupational therapist,iðjuþjálfi
occupied with,fá
occurance,tilfelli
occur,ske
OCR: handwriting,ljóskennsl: skrift
OCR: print,ljóskennsl: prent
octagon,átthyrningur
octave,áttund
octopus,kolkrabbi
of course,vitaskuld
offend,misbjóða
offend,móðga
offensive,sókn
offer or invite,bjóða
offer,tilboð
offer,veita
office equipment,skrifstofutækja
offspring,afkvæmi
ogre,tröll
ogre,þursarnir
oil filter,olíusía
ointment,áburður
old age,elli
old hay,fyrning
old icelander,Íslendingur fæddist á Íslandi
Old Maid,Svartapétur
omnivore,alæta
on behalf,af hálfu
on board,innbyrðis
One sample t-test,t-prófi eins úrtaks
one variable,einni breytu
ongoing,á döfinni
on guard,á verði
on its side,um koll
onomatopoeia,hljóðgerving
onomatopoeia,hljóðgervingur
onomatopoeia,hljóðlíking
on the agenda,á döfinni
on the southside,sunnanvert
ontological language resources,veranleg málgögn
ontological resources,veranleg gögn
ontologies,verufræði
open,ber
open,hispurslaus
opening balance,upphafsstóðu
opening ceremony,setningarathöfn
opening,op
opening,raufina
opening,setningu
open minded,hugsunin víðfeðm
operate,starfrækti
operating budget,rekstraráætlun
operating costs,rekstrargjöldin
operating expense,rekstrarkostnaður
operating expenses,rekstrargjöldin
operating expenses,tímabilskostnað
operating income,rekstrarhagnaður
operating plan,rekstraráætlun
operating profit margin,rekstrarhagnaðarhlutfall
operating profit,rekstrarhagnaður
operating system,stýrikerfi
operational assets,varanlegir rekstrarfjármunir
operation,starfsemi
operation,virkni
opinion piece,pistill
opinion,skoðun
opportunity,forvöð
oppose,sporna við
opposing party,gagnaðilinn
opposite,gagnstæður
oppression,kúgun
opthalmologist,augnlæknir
options,afleiðing
oral contract,samkomulag
orange,rauðgult
order (biology),ættbálkur
ordinance,ákvörðun
ordinance,fyrirskipun
ordinance,ráðstöfun
Oregon,Oregon
original language,frummál
original source,frumheimildir
original text,frumheimildir
ornithopter,blakvængja
oscillate,rokka
oscillating,rokkandi
os,stýrikerfi
ostracize,útskúfa
otherwise great,annars ágæta
ouch,á
ouch,ái
ought,bar
outcome,útkoma
outer garment,yfirhöfnina
outer space,geiminn
outlet,útsölumarkaður
outlet,útsölustaða
outliers,einförum
outline,móta
outline,móti
out-of-domain,utan óðals
out of it,eins og barðir hundar
out of one's mind,frávita
out of stock,búið i bili
output,frálag
output,skil
output,úttak
outshine,skara fram úr
outside of the foot,jarki
outsource,útvista
outsource,útvistun
outsourcing,úthýsing
outstanding,framúrskarandi
outstretched arms,fangið
oven,bökunarofn
overall company image,heildarímynd fyrirtækisins
over applied,ofáætlaður
overcosted,ofmetinn
overcosted,ofreiknaður
overcosted,ofreiknuð
overdraft fee,FIT = færslur innistæðulausra tékka gjald
over,fyrir bí
overhead cost,óbeinn kostnaður
overhead rate,álagsstuðullinn
overhead rate,skiptistuðull
overlap,skarast
overlap,skörun
overlooked,yfirsést
overshadowed,skyggði á
oversight committee?,eftirlitsstjórnvalds
over-the-counter drug,lausasölulyf
over-the-counter,lausasala
overturn,kollvarpað
overview,yfirlit
overweight,ofþyngd
overwhelmed,yfirbugaður
overwhelmed,yfirþyrmdur
overwhelming,yfirþyrmandi
owner's equity ratio,eiginfjárhlutfall
owner's equity ratio,tapsþol
owner,umráðamaður
own initiative,frumkvæði
oxygen,súrefnis
oystercatcher,tjaldur
oyster mushroom,ostrusveppur
oyster mushroom,ostruvængur
pace,kólfur
pacemaker,héri
pacesetter,héri
packaging,umbúðir
packed,troðinn
packet soup,pakkasúpum
pack his bags,tók föggur sínar
packing machines,pökkunarvélar
pack,troða
pact,sáttmáli
padding,tróð
paid immediately,staðgreiðsla
paid,innt af hendi
paid on location,staðgreiðsla
pain,harmkvæli
pain,kvöl
paintbrush,pensill
painted bunting,páfinka
pain,verkur
palace,slot
palatalization,framgómun
pallet,bretti
pamper,eftirlæti
pancake,pönnsa
pancreas,bris
pancreas,briskirtill
panorama,víðsýni
panted,másuðu
pantry,búr
paper,pappír
parallel bars,tvíslá
parallel corpus,hliðstæð málheild
parallel corpus,samhliða málheild
paralyzed,lamaðist
paralyzed,lamaður
parameter,færibreyta
parameter,stiki
parapet,brjóstvirki
parasite,afæta
parasite,smjaðrari
parasite,sníkill
parasite,sníkjudýr
parasomnias,sérstakar svefntruflanir
paring knife,skurðarhnífur
parish,sókn
parole,náðun
parser,þáttara
parser,þáttari
parse tree,þáttunartré
parsing,setningafræðileg greining
parsing techniques,þáttunaraðferðir
parsing,þáttun
parsing,þáttun greining
partial eclipse,deildarmyrkvi
partial parsing,hlutaþáttun
partial parsing,hlutþáttun
partial/shallow parsing,grunnþáttun
partial/shallow parsing,hlutaþáttun
partial/shallow parsing,hlutþáttun
participation,virkni
particularly,einkum
part,íhlutir
partition,skilrúmið
part,liðum
partnership,samstarfsins
part-of-speech,orðflokk
part-of-speech tagging,málfræðileg mörkun
part-of-speech tagging,mörkun
part-of-speech tagging,orðflokksmörkun
party,flokkur
party,fylking
party mood,stuð
par value,nafnverð
passable,viðunandi
passenger pigeon,flökkudúfa
passion,ástríðan
pass out,yfirliðakast
pasteurized,gerilsneydd
pastime,tómstundaiðja
pastry,bakkelsi
pastry,kruðerí
pastry,sætabrauð
patch,blettunum
patch,bót
patent Cooperation Treaty (PCT),samstarfssamningur um einkaleyfi
pathologist,meinafræðingur
patronizing,lítillátur
patronizing,yfirlætislegur
patron saint,verndardýrlingi
pave the way,ryðja brautina
paving,slitlag
pawn,peð
payment adjustment,greiðsluaðlögun
payment fee,þóknunar
payment plan,greiðsluáætlun
payment reminder,kröfubréf
payment schedule,greiðsluáætlun
payment terms,greiðslukjör
payment,útborganir
payroll,launaskrá
peace talks,friðarviðræðum
peacock,páhani
peafowl,páfugl
peahen,páhæna
Pearson’s r,fylgnistuðul Pearsons
peashooter,baunabyssa
pebble,steinvala
peel,afhjúpa
peel,afhýða
peeled,afhýdd
peel,flysjið
peel,pilla
peep hole,gægjugat
peer chat,jafningjaspjall
peer-reviewed material,rítrýnt efni
peg,pinni
peignoirs,morgunklæðnaður
penal code,hegningarlögum
penal interest,dráttarvaxta
penalty shoot-out,bráðabani
penalty,viðurlög
pendant,dingull
pendant,men
pendulum,dingull
penguin,mörgæs
penis,deli
pension,eftirlaun
penthouse apartment,þakhýsi
pepper,paprika
perceive,skynja
percentage,hundraðshluti
perception,skynjun
perception,skynjun málhljóða
perceptron,skynjunarnet
perceptron,skynjunganet
performance,afrek
performance,frammistaða
performance,frammistöðu
perform,inna af hendi
perform,innt
perform,innt af hendi
perform,þreyta
period costs,rekstrargjöldin
period costs,tímabilskostnað
period costs,timabilskostnaður
period costs,tímabilskostnaður
period cost,tímabilskostnaður
periodic rate,tímabilsvextir
perish,farast
perish,farist
per item,per stykki
perk,hlunnindi
permanent,varanlegur
perpetuate,varðveita
perpetuate,viðhalda
perpetuator,varðveitandi
perpetuity,eilífðarbréf
perpetuity,sígreiðslur
persecute,ofsækja
perseverance,þol
perseverance,þrautseigja
persevering,þrautseigur
personality disorders,persónuleikaraskanir
personality trait,skapgerðarvandi
personalize,sérsníða
person,mönnum
person sitting next to you,sessunautur
perspective,sjónarmið
perspectives,sjónarhornin
pertinent,tilheyri
perverse,geðvondur
perverse,rangsnúinn
perverse,þvermóðskufullur
perverse,þverúðarfullur
pervert,perri
pervert,pervert
perv,perri
perv,pervert
pesto,pestó
petal,krónublað
pet,eftirlæti
petite,smágerður
petrified,lamaður
petty,smávægilegir
phantom,draugur
phantom,vofa
phenomenon,fyrirbæri
phoneme,hljóðana
phone minutes,inneign
phonetics,hljóðfræði
phonetic transcription,hljóðritun
phonology,hljóðkerfisfræði
photograph,myndast
pH,sýrustig
physical condition,heilsufar
physical units,framleiðslueiningar
pickle,súr gúrka
pick,pilla
pidgin,millimál
piebald,skjóttur
piece,bútur
piece,moli
piece,stykki
piecework,akkorð
piecework,ákvæðisvinna
pier,súla
pigeon,dúfa
pile,hrúgar
pile,hrúgu
pile,stafli
pilfer,nappa
pillar,súla
pill bottle,pillubox
pill,pilla
pimple patch,bóluplástur
pinholes,nálaraugu
pin,pinni
pin,títuprjóni
pioneer,brautryðjandi
pipe dream,loftkastalar
pipe,hólkur
pipeline,leiðsla
pipe,pípa
pip,steinn
Pisces,Fiskar
Pisces,Fiskur
pistachio,pistasía
piston,bulla
pitch dark,niðamyrkri
pitchfork,heykvísl
pitch,hljómfallseinkennin
pit,díki
pit,gröf
pit,gryfja
pit,steinn
pity,vorkenna
pixies,grikkálfar
place,kima
place name,örnefni
place of honor,öndvegi
place,sess
plait,flétti
plan,áform
plan,meiningu
planned,á döfinni
planned,fyrirhugaða
planning,áætlun
plan,ráðgerðra
plant,urt
plaster,gifs
plateau,staðna
plate light,númersljós
platform,verkvangur
platysma,hálsflatningur
playboy,glaumgosi
playful twinkle,kátínuglampinn
play hooky,skrópa
please,þóknast
plea,umleitun
plebiscite,þjóðaratkvæði
pleco,pleco
pliant,auðsveipur
plogger,plokkari
plogging,plokka
pluck,hnippa
pluck,plokka
pluck,reyta
plunder,gripdeildir
plutocrat,auðfýkingur
pms,firirtíðaspenna
poacher,veiðiþjófur
pockmarked,hrjúft
poignant,átakanlegt
point-blank,afdráttarlaust
point-blank,beint
point-blank,blátt áfram
point-blank,hreint út
point blank range,dauðafæri
point-blank,stuttur
point-blank,þráðbeinn
point,liðum
point of intersection,skurðpunktur
point of sale,posi
poke,hnippa í
poker,póker
polarization,pólun
polarization,skautun
pole,staur
pole,súla
policy,stefnu
polisexuality,fjölkynhneigð
polish,bón
polished,bónað
political connections,stjórnmálaleg tengsl
pollen allergy,frjóofnæmi
poly-,fjöl-
polysexuality,fjölkynhneigð
pommel horse,bogahestur
ponder,spekúlera
ponder,vega
ponytail,tagl
pooling society,samlagsfélag (slf)
pool of acid,sýrupolli
pool with jets,iðulaug
poor,fátækur
poor,snauður
popcorn,poppkorn
popper,smella
popular,eftirsóttur
Population,þýði
porcelain,postulín
porcini,kóngsveppur
pore,gropa
pore,munnur
pore,op
portable classrooms,færanlegar kennslustofur
portable classrooms,gámakennslustofur
portal,skrauthlið
portal,skrautinngangur
porthole,kýrauganu
porthole,kýraugun
P.O.S.,posi
possess,eiga
possess,hafa undir höndum
possessive,eignarfall
possible,auðið
possible,kleifur
possible,mögulegur
possible,unnt
pos tagging,málfræðileg mörkun
pos tagging,mörkun
pos tagging,orðflokksmörkun
postpartum psychosis,fæðingarsturlun
postpone,fresta
postponement,töfinni
postpone,skjóta á frest
postulates,forsendur
potable water,neysluvatn
potassium chloride,kalíumklóríð
potholes,brotholur
pot,ker
potluck,pálínuboð
potpourri,syrpa
potrait hallway,portrettganginn
potter,leirkerasmiður
pouch,tuðra
poultry,alifugla
poultry,hænsni
pound,börðu
pouring off of,boga
poverty,fátækt
poverty,skortur
powerful,hamrammur
powerful,öflug
power,máttur
power of attorney,umboð
power of attorney,umboði
power strip,fjöltengi
Power,styrk
power wash,háþrystiþvottur
practical,hagnýtur
practical value,notagildi
practitioner,iðkandi
pragmatics,málnotafræði
pragmatics,málnotkunarfræði
Praise sandwich,LokSamloka
Praising,Hrósa
preach,prédika
pre-aspiration,aðblástur
precast,forsmíðaður
preceding,á undan
precinct,umdæmi
precious,dýrindis
precious,dýrmætur
precious object,djásn
precipitous,snarbröttu
precipitous,þverhníptur
precision,nákvæmni
precondition,forsendur
precursor,undanfari
predator,rándýr
predatory (toward men),vergjörn
predetermined indirect costs,úthlutaður óbeinn kostnaður
prefabricated,forsmíðaður
preferable,æskilegur
prefer,frekar
prefer,kjósa
preferred,æskilegur
prefer,vilja heldur
prefix,forskeyti
pregnant,þunguð
prejudice,hleypidómur
preliminary prototype,frumgerð
premature,ófullburða
premenstrual syndrome,fyrirtíðaspenna
premise,forsendur
premiss,forsendur
premium,iðgjald
premonition,hugboð
pre-order,forpöntun
prepare food,matreiða
prepare,útbúa
pre-processing,forvinnsla
prerequisite,forsendum
prerequisite,forsendur
prescriptive period,fyrning
presence,viðurvist
presentable,sómasamlega
presentation and visualization,kynning og framsetning (sjóngerving?)
presentation,framsetning
presentation,reifun
presented,sett fram
presenter,þulur
present,lagt fram
present value,afvöxtun núvirði fundið
present,viðstaddur
preservation,varðveislu
preserve,varðveitir
press fastener,smella
pressoreceptor,þrýstinemar
press stud,smella
pressure receptor,þrýstinemar
pressures,kröfur
pressure wash,háþrystiþvottur
presupposition,forsendur
pretend,getið látið e-ð vera
pretend,þykjast
pretension,sýndarmennska
pretty,fegra
pretzels,saltkringlur
pretzels,saltstangir
preventative measures,forvarnar
prevent,sporna við
prey,bráð
price-earnings ratio,v/h-hlutfall
price to book ratio,v/i-hlutfall
pricing,verðlagningu
pride,dramb
pride,hroki
pride,stolt
primaries,prófkjöri
Priming,Undirbúningsr
primitive,frumstæðu
primitive,frumstæður
primitive,upphaflegur
primrose,laufeyjarlykill
principle of compositionality,blendilögmálið
printout fee,útskriftargjald
prison sentence,fangelsisdóm
private,einkasvæði
private home loan interest subsidy,vaxtabætur
private life,einkahögum
probabilistic context-free grammars,líkindafræðilegar samhengisfrjálsar mállýsingar
probabilistic parsing,líkindaþáttun
probabilistic tagging,líkindamörkun
probiotic,góðgerill
problem,vandkvæði
problem,verkur
procedural law,réttarfar
procedure,fyrirtöku
proceedings,fyrirtöku
process cost flow,ferlisbókhald
process costing,ferlisbókhald
process costing,ferliskostnaður
processed foods,unnin matvæli
processed,unninn
process,flæði
processing,úrvinnslu
process,starfsemi
process,unnar
procrastinate,fresta
procrastinate,skjóta á frest
procrastination,frestun
procurement,innkaup
procure,útvega
produce,afurð
produce,afurðir
product,afurðir
product costs,afurðakostnaður
product costs,framleiðslukostnaður
production budget,framleiðsluáætlun
production,framleiðsluna
product level,vörustig
profitability,arðsemi
profit,afkomu
profit,ágóðinn
profit and loss account,rekstrarreiknings
profit,arðsemi
profit,ávinningurinn
profit,græða
profit,hagnaður
profit margin,framlegð
profit margin,hagnaðarhlutfall
profits,afkoma
profligacy,eyðslusemi
programming environment,forritunarumhverfi
program,starfsemi
progress,framþróun
progressive capitalism,framfarakapítalisma
progressive,framsækið
progressive,framsækinn
progress,umbótum
project,áform
project,iðja
projector,sýningarvél
project,verk
project,verkefni
promise,fyrirheit
promise,heit
promise,vilyrði
promising,arðvænleg
promissary note,víxils
prompt,án tafar
Prompting,Stikkorð
prompt,skjótur
prompt,tafarlaus
pronunciation dictionary,framburðarorðabók
pronunciation,framburður
proof,sönn
proper conduct,viðeigandi hegðun
property plant and equipment PPE,varanlegir rekstrarfjármunir
prop,hlut
proposition,forsendur
props,leikmunir
prosecuting attorney,sækjandi
pros,kostir
prosobranchia,fortálknar
prosody information processing,úrvinnsla hljómfallsupplýsinga
prospectus,bodsrit
prosper,þrífst
protected,friðlýstur
protect,friðlýsa
protection,hlífð
protection,skjól
protective covering,slitlag
protégé,skjólstæðingur
protein,eggjahvíta
protein,eggjahvítuefni
protein,hvíta
protein,prótín
protracted,langvarandi
protrude,blasa
proud,drambsamur
proud,fagur
proud,hreykinn
proudly,hróðugur
proud,montinn
proud,stoltur
provable,sannanlegum
provide,veita
province,umdæmi
provisional estimate,bráðabirgðaútreikningur
provisions,skuldbinding
proviso,fyrirvara
provoke,etja
prudery,tepruskapur
prudery,tilgerðar-siðvendni
prudery,uppgerðarsiðvendni
prude,tepra
p.s.,e.s.
psoriasis,sóri
psychiatric emergency department,BMG
psychiatric emergency department,bráðamóttaka geðsviðs
psycholetic,hugslakandi
psychopath,ofsóknaræði
puberty,gelgjuskeið
public domain,almenningseiga
public registration,þinglýs
publish,birta
pucker,kipra
pucker up,setja stút í munninn
puddle,pollur
puerperal psychosis,fæðingarsturlun
pull off,hafa af
pull requests,togbeiðnir
pull,svipta
pull,togum
pull,trekkja
pull-up,upphífing
punctuation,greinarmerkjasetning
pungent,rammri
punishable act,refsiverðan verknað
punishable,refsivert
punishable,saknæma
punishment,viðurlög
puppet,handbendi
puppet,strengjabrúða
puppy dog eyes,eins og barinn hundur
purchasing,innkaup
purée,mauk
Purkinje cell,purkinje frumur
purposeful,markvissan
purposeful,markvisst
purr,mala
pursue,stundaðar
push,hrinda
pushiness,frekjunni
push out,koma frá manni
pushup,armbegyja
pushy,frekur
put decision immediately in effect,hrinda í framkvæmd
Pyrex,eldföstu móti
quail,kornhæna
qualification,fyrirvara
qualification,réttindi
qualitative analysis,eigindargreining
qualitative,eigindlega
qualitative,eigindlegur
quality assurance,gæðaeftirlit
quality control,gæðaeftirlit
quality measures,gæðamælikvarðar
quality standards,gæðamælikvarðar
quantitative analysis,megindargreining
quantitative,megindlega
quantitative,megindlegur
quantities,stærðir
quantity,stærð
quantum mechanics,skammtafræði
quantum physics,skammtaeðlisfræði
quantum physics,skammtafræði
quantum theory,skammtafræði
quarrel,erjur
quarrel,þræta
quarter,ársfj.
quarter,ársfjórðungi
quarterly,ársfjórðung
quartet,kvartett
queasy,óglatt
queef,píkufret
queen,drottning
quell,kveða niður
query analysis,spurnargreining
query language,fyrirspurnarmál
question answering,spurnasvörun
question,efist
quest,spurn
quick glance,skotra
quick,í einum grænum
quickly,fljótheitum
quickly,hart
quick,ör
quick ratio,lausafjárhlutfall
quick,skjótur
quick,snar
quick,snöggur
quiet,fáfarinn
quiet,hljóður
quiet,næði
quip,tilsvar
quit dilly-dallying and get a move on,áfram með smjörið
quite a bit,allnokkurn
quite,alveg
quite,frekar
quite varied,ansi víða
quiz,getraun
quokka,lítil kengúra
quokka,stutthalafía
rabbit,héri
rabbit,kanína
rabble,mannþröng
rabble,skríll
rabies,hundaæði
race,kapphlaup
racer,ökuþór
rack heights,hæðtökublað
rack one's brains,braut heilann
racquet,spaði
radioactivity,geislavirkni
radio,talstöð
radiotelephone,talstöð
rad,reið
rafter,sperra
rafter,sperrur
raft,fleki
ragebait,bræðibeita
ragebait,ofsabeita
ragebait,reiðibeita
rage,geisa
ragged,tætt
rag,pjatla
raido,reið
rain shower,skvetta
raise,hefja
raise livestock,kvikfjárrækt
rake,hrífa
rake,raka
ram,hrútur
ranch,búgarðinum
ranch,búgarður
range,drægni
ranger talk,fræðsluganga
range,spönn
rapidly,hraðast
rapidly,óðfluga
rapid,ör
rapid,skjótur
raptors,ránfuglar
rare,fágætur
rarely travelled,fáfarinn
rascal,þorparinn
rate of exchange,gengi
rather,frekar
rather,fremur
rather than,yfir því að
rationale,sanngirnisrök
rationality,skynsemi
rational,rökfestu
rat race,lífsgæðakapphlaup
rattling,skjótur
rave,sukkveisla
raw material,efniviður
raw materials,hráefni
raw materials inventory,hráefnisbirgðir
raw materials inventory,hráefnislagerinn
raw materials stock,hráefnislagerinn
reach out for,tegyja sig eftir
reach,seilingar
react,bregða
react,bregðist
reaction,viðbragð
reaction,viðbrögð
reaction,viðbrögðum
readily,gjarnan
readily,gjarnt
read,numið
ready,skjótur
ready,útbúa
ready,viðbúinn
ready-witted,skjótur
real,eiginlegum
real estate lien,fasteignaveðkrafna
reality,staðreynd
reality,veruleika
reality,veruleiki
really improved,snarskánaði
real,verulegar
rear one's head,gera vart við sig
reasonable grounds,sanngirnisrök
reasonable,viðunandi
reason,orsakir
reason,skynsemi
reassure,hughreysta
rebetika,gríska tonlist
rebound,skoppa
recall,afturkalla
recall,heimt
recall,innkallanir
recall,lærdóm
receive,þiggja
receptable,fylgsni
receptable,hirsla
receptable,ílát
reception,viðtöku
recessive gene,hvarfagen
recessive traits,víkjandi eiginleikar
recessive,víkjandi
recieve,fengnar
reciprocity,gagnkvænum
reckon,telja
recliner,hægindastóll
recliner,hægindi
recognition task,kennslastarf
recognition task,kennslaverkefni
reconciliation,sátt
reconciliation sheet,samræmingarblaði
reconstruction,viðreisn
record,breiðskífa
record,skráir upplýsingar
recover,innheimtist
recover,jafna sig
recurrent neural networks (RNN),endurkvæm tauganet
redfish,karfi
red lynx,rauðgaupa
red ocean perch,karfi
redpoll,auðnutittlingur
red sorrel,Hundasúra
red tape,skrifræði
reduce,rýri
reference corpus,viðmiðunarmálheild
reference,tilvísun
reference,umsagnaraðili
reference,viðmið
reference,vísun
reference year,viðmiðunarárið
referendum ballot,þjóðaratkvæðagreiðsla
referendum vote,þjóðaratkvæðagreiðsla
referendum,þjóðaratkvæði
referent,merkingarmið
refer,hliðsjón
referring expression,vísandi segð
refill,áfylling
refined carbohydrates,hreinsuðum kolvetnum
refinement,fágun
refine,unnar
reflector,endurskinsmerki
reflect,spekúlera
reform,úrbóta
refrain,viðlag
refugee,flóttamaður
refuge,neyðarskýli
refuse absolutely,þvertaka
refuse,synja
regard,álitin
regards,varða
regard,telja
regard,tilliti
regimented,agaður
region,umdæmi
register of goods being carried and under which terms,farmskirteini
register of judgements,dómasafni
regret,iðraðist
regular expression,regluleg segð
regularly,að staðaldri
rehabilitation,endurhæfing
rehabilitation,endurreisn
rehabilitation,viðreisn
rehash ideas,éta eitthvað upp eftir
rehearse,æfa sig
rehearse,tíunduð
reify,hlutgera
rejection,höfnun
reject,synja
rejoinder,tilsvar
relation extraction,útdráttur vensla
relations between Icelandic women and foreign soldiers,bransinn
relative,tiltölu
relative to,að miða við
relative to,miðað við
release,leystur
relevance ranking,gildisröðun
relevant costs,viðeigandi kostnaður
relevant range,viðmiðabils
relevant,viðeigandi
reliable,ábyggilegir
reliable,áreiðanlegur
relieved,létti
religion,trúarbrögð
rely on,reiða sig
rely on,reiða sig á
remains,liggja fyrir
remarkable,markverðu
remedy,bót
remember,muna
remind,hnippa í
remorseful,iðrandi
remove any shadow of a doubt,ganga úr skugga um
remove,firra
remove,fjarlægja
REM-sleep,draumsvefni
remuneration,umbun
remuneration,þóknun
remuneration,þóknunar
rennet,hleypir
rennet,ostahleypir
renovate,gera upp
renowned,sögufrægur
renown,orðstír
rentable,leiguhæfu
repair,viðgerðir
repeat,árétta
replacement,staðgengill
report,miðlar
report,skothvellur
report,skýrslur
repossession,fjárnáms
repossession,nauðungarsölu
reprecussion,bakslag
representations of space and time,birtingarform rúms og tíma
reprisal,hefnd
reproach,álasað
reprobate,lastafullur
reprobation,aðfinnslum
reputation,orðspor
request,krefst
required rate of return,ávöxtunarkrafa
requirement,krafna
requisite,tilskilins
rerun,endursýninga
researcher,rannsóknarmaður
research,gagnaöflunar
research,rannsókn
resentful,beiskur
resentful,gramur
resentful,hvekktur
resent,gremjast
resentment,gremja
reserve,friðlýsa land
residence,aðsetur
resolutely,statt og stöðugt
resolution,ályktanir
resolution,ályktun
resolution,upplausn
resort to,gripið til
resound,óma
resources,forðar
resources,tilföng
resource,úrræði
respect not,virtir ekki
respect,tilliti
response,viðbrögð
resting position,hvíldarstöðu
rest,kasta mæðinni
restrict,einskorða
result,afrakstur
result,árangur
result,niðurstaða
result,skila
result,útkoma
retained earnings,hagnaður/tap fyrri ár
retained earnings,óráðstafað eigið fé
retained earnings,óraðstafað handbært fé
retained profits,óráðstafað eigið fé
retain payment,haldið eftir greiðslu
retarded,þroskaheftur
retina,sjónhimna
retinoschisis,sjónurof
retort,tilsvar
retrieve,heimta
retrieve,sækja
return,arðsemi
return on assets ROTA,arðsemi heildareigna
return on equity ROE,arðsemi eigin fjár
revealed,fram kom
revenge,hefnd
revenue side,tekjuhlið
revenue,tekjur
revenue,tekjurnar
reverberation,bergmál
reverend,síra
reverend,sr.
reverse,afturábak
reverse,afturábakgír
reverse,bakkgír
reverse gear,afturábakgír
reverse gear,bakkgír
reverse,öfugt
reversible,afturkræfur
reviewer,umsagnaraðili
review results,meta árangur
review,skoðun
review,umsögn
revised,umsömdum
revision,endurskoðun
revoke,afturkalla
revoke,hnekkja
Reykjavik University,Háskólinn í Reykjavík
Reykjavík University,Háskólinn í Reykjavík
Reykjavik University,Háskólinn við Nauthólsvík
Reykjavík University,Háskólinn við Nauthólsvík
rheumatic fever,gigtsótt
rheumatism,gigtsótt
rhythm,hrynjandinni
ribbon,ræma
rich in fiber,trefjaríkur
ricochet,skoppa
ricotta pancakes,ostapönnukökur
ride,akstur
riding,reið
rifle,riffill
right of suspension,afhendingardrátt
right of suspension,stöðvunarrétt
right,réttindi
right to use another's land,ítak
rigour,hörkunni
rinse,skola
rinse,skoli
river,fljót
roars of laughter,hlátrasköll
Robin Hood,Hrói höttur
robotic,vélræn
robust,harðgerðar
rock climbing,klettaklifur
rocker panel,síls
rocker panel,ytra byrði á þröskuldi
rocker panel,þröskuldur
rockfish,karfi
Rockies,Klettafjöllin
rock ridge,klettahrygg
rock,rokka
rocks,grjóti
Rocky Mountains,Klettafjöllin
roe,hrogn
role-play,spunaspil
rolled,valt
rolling pin,kökukefli
roll one's eyes,ranghvolfa augunum
roll,valt
rooftop cargo box,farangursbox
rooftop cargo box,ferðabox
rooftop cargo box,tengdamömmubox
rope,festar
rope ladder,kaðalstiga
rorqual,reyðarhvalur
rorqual,reyður
rose gold,rauðagull
rosy-cheeked,rjóður
rotate,víxli
rotisserie,eldgrillaður
rotisserie,rotisserie
rough,harkalegt
round-faced,kringluleitur
round,skjótur
round the clock,allan sólarhringinn
route,leið
router,ráter
rubbed his temples,neri gagnaugun
rubbish,þvættinginn
rub,nugga
rub,nýr
rub somebody out,kála
ruddy,rjóður
rude,ósvífinn
ruffian,dólgur
ruin,hrunið
ruin,rústa
ruins,tóft
rule-based methods,regluaðferðir
rule-based tagger,reglumarkari
rule of law,réttarregla
rule of thumb,þumalputtareglu
rules,drottna
ruling,úrskurðum
run into,rekast
run,láta
running costs,rekstrargjöldin
running shoes,hlaupaskór
running word,lesmálsorð
run-of-the-mill,útjaskaða
run,rása
runs out,þrjóta
run,starfrækti
runt,örverpi
rush hour,annatími
rush off,rjúka
rush,rása
rush,rjúka
rush,skunda
rush,vaða
rush,þjóta
rusted,ryðgað
rustle,skrjáfa
rustle,þrusk
Rutgers,Rutgers
sacks of products,vörusekki
sacrifice everything,leggja allt í sölurnar
saddle,hnakkur
sad,mæðulegur
sadness,depurðar
sag,dúa
Sagittarius,Bogmaður
sail boat,skúta
sail,segl
saint's legend,helgisaga
salaried employee,launþegar
sales price increase,vöxtur markaðar
salvation,bjargráð
sample,nasasjón
sample,nasaþefur
Sample,úrtak
sanatorium,heilsuhæli
sanction,viðurlög
sandal,ilskór
sandbank,eyri
sandbank,grynningar
sandbank,rif
sandbank,sandrif
sandrider test,sandreiðarprófið
sandwich ham,brauðskinka
sandwich,samloka
sane,heilbrigð
sanitary devices,hreinlætistækjum
santa claus melon,mélona græn
sapling,ungt tré
sarcasm,hæðni
sarcastically,í háði
sarcastic,hæðinn
sarcastic,kaldhæðinn
sarcastic,meinhæðinn
satellite,gervihnöttur
satellite,gervitungl
satellite store,útsölustaða
satiating,seðjandi
satisfactory,sómasamlega
satisfactory,viðunandi
saturated with,þrunginn
saunter,arka
sausage,pulsa
sausage,pylsa
saving face,halda reisn
saying,orðatiltæki
saying,orðtæki
say,kváðust
say of oneself,kvaðst
say,standa
scaffolding,vinnupallur
scalable,skalanlegur
scale,mælikvarða
scale,mælikvarði
scale,skali
scale,umfangi
scalpel,skurðarhnífur
scamper,skondra
scan bed,skannaflötin
scarecrow,fuglahræða
scare off,fælt
scar,ör
scatter,dreift
scattered,stangli
scattering,slæðingur
scene,sviðsmyndir
scheduled,friðlýstur
schedule of cash payments,greiðsluáætlun
scheme,ráðabrugg
-schisis,-glufa
-schisis,-klofi
schisis,klofningur
schizophrenia,geðklofi
schizophrenia,skítsófreníu
schmuck,lúði
scholarship,lærdómur
schooling,menntun
science fair,vísindakeppni
science nerd,vísindanörðar
scorn,fyrirlítur
Scorpio,Sporðdreki
scotch,skoti
Scot,Skoti
Scotsman,Skoti
scoundrel,fantur
scowl,yggla
scrambled egg,eggjahræra
scrape,klípu
scrape,skafa
scrap man,krabbi
scratch paper,rissblöð
scratch,skein
scree,urð
scrutinize,rýna
scrutiny,athugun
sculpt,móta
sea cucumber,sæbjúga
sea,glæ
seal skin,selskinn
seam,saumur
search engine,leitarvél
search in every nook and cranny,leita dauðaleit
search interface,leitarskil
search interface,leitarviðmót
seaside town,sjávarþorp
seaside village,sjávarþorp
seat belt,sætisólar
seat,sess
seaweed,þang
seaweed,þari
sebastes,karfi
second language,annars mál
second language,L2
second language speakers,annars málshafar
secret daughter,laundóttir
sector,bransi
sector,geirinn
secured bond,veðskuldabréfunum
securities,verðbréf
sedimentary rock,setberg
seems,virtist
seen as someone who steals the fruits of your labor,tilberi
seethe,krauma
seethe,ólga
seethe,sjóða
see-through,gegnsær
segmented,sneidd
segment,geirinn
seismic pulse,óróapúls
seizure,kyrrsetningar
selectional association,valtengsl
selectional restrictions,valhömlur
selection module,valeining
select,valinn
select,völdum
self-assertive,sperrtur
self-assured,sperrtur
self care,sjálfsumönnun
self-confidence,sjálfsálit
self-esteem,reigingur
self-esteem,sjálfsálit
self-helper,gertækari
self-important person,merkikertið
self-sufficiency,sjálfsbjarga
self-sustaining,sjálfbær
selling and administrative expense budget,áætlun um sölu- og stjórnunarkostnað
semantic corpora,merkingarmálheild
semantic drift,merkingarrek
semantic web community,samfélag merkingarvefja
semantic web,merkingarvefur
semi-finals,undanúrslit
semi-transparent,hálfglær
sense,skilningarvit
sensibly,skynsamlega
sensitive,næmur
sensory processing,skynúrvinnsla
sentence-based correction,setningaleiðrétting
sentenced to die,dauðadæmd
sentence,málsgrein
sentence,setning
sentences,málsgreinir
sentry,varðamaður eða vörður
sent shivers running down their spine,renni kalt vatn milli skinns og hörunds
septic tank,rotþró
sequela,fylgikvili
series,syrpa
seriously,alvarlegri
serious,meiriháttar
serious,tilfinnanlegt
serotype,vefjaflokkun
sesame,sesam
set,láta
set off,lá á
set-off,skuldajafnaðar
set something in motion,rekspölur
set,syrpa
settle,að gera upp
settlement of accounts,uppgjör
settlement,sátt
settle,semjið
severe,harkalegt
severe,meiriháttar
severe,tilfinnanlegt
severity,harka
sewage,skolp
sewage,skólp
sewer,holræsi
sewing needle,saumnál
sexes,kynjanna
sex,samfarir
sexual intercourse,kynmök
sexual,kynferðislega
sexy,kynæsandi
shake it off,harka af sér
shakily,nötrandi
shaky,valt
shall,muni
shallow generation,grunn málgerving
shallow generation,grunn myndun
shallow parsing,grunn þáttun
shallow parsing,hlutaþáttun/grunn þáttun
shallow parsing,hlutþáttun
shallow,yfirborðslegum
shamefaced,eins og barinn hundur
shameless,blygðunarlaus
shameless,ósvífinn
shape,móta
shared interests,sameiginlegum áhugamálum
shared,sameiginlegur
sharpen,skerpa
sharp-faced,skarpleitu
sharp,hvass
sharp intake of breath,saup hveljur
sharp,ör
sharp,skarpur
shaven head,rakað höfuð
shave,raka
shearing,rúning
shed,skúr
sheep's sorrel,hundasúra
sheer,þverhníptur
sheet,þynna
sheikh,sjeik
sheik,sjeik
shelf stable,geymsluþolnar
shell,pilla
shell,skel
shelter,skjól
shepherd,hirðir
shield,skjöldur
shield volcano,dyngja
shifted,færðir
shift,færðir
shiitake,kínverskur svartsveppur
shiitake,kínverskur sveppur
shiitake,shiitake-sveppur
shiitake,tókasveppur
shine,skína
shipwreck,skipsflak
shirt buttons,skyrtutölunum
shit,drulla
shiver,skjálfa
shoal,eyri
shoal,grynningar
shoal,mergð
shoal,sandrif
shoal,torfa
shoal,vaða
shock,áfalla
shocked,bit
shock,losti
shoddy,ófínn
shoot,skjóta
shopping,innkaup
shopping mall,kringlan
shopping mall,verslunarmiðstöð
shore,fjara
shore,flæðarmál
shortage,þrot
shortcoming,annmörkunum
shortcoming,hængur
shortcomings,gallar
short distance,spöl
short distance,spölur
Short-eared owl,brandugla
short fellow,naggur
short fellow,peð
shortly,brátt
short,ör
short rib,skammrif
short-run,skamm-tíma
short stretch,spölkorn
short-track speed skating,skautaat
should,bar
shoulder muscle,axlarvöðvi
shoulders,herðar
shower,skúr
shreds,tætlurnar
shrewd,skarpur
shriek,garga
shrub,runni
shudder,hrollur
shuffle,stokka
shush,þagga
shutters,hlerana
sick,óglatt
sideburns,bartar
side conversation,þau vilja vera út af fyrir sig
siege,umsátur
sieve,sía
sight,sigti
signal analysis and representation,greining og framsetning merkja
signals,merki
signature,áritun
signed,áritað
Significance tests,marktektarpróf
significant,bitastæður
significant,bitastætt
significant,verulegar
signs of decay,hrörnunareinkennunum
silence,þagga
silky sifaka,silkilemúr
sill,síls
silly season,gúrkutíð
sill,þröskuldur
silver specie coin,silfurspesía
similarity,skyldleika
similar to,svipað og
simmer,malla
sincere,einlæg
sinew,sin
singe,svíða
sink,sökkva
sink,sykki
sister cities,vinabæir
sitar,sítar
situational awareness,ástandsvitund
situation,staða
situtation,ástand
size,stærð
skeletal muscle,beinagrindarvöðvi
skeletal muscle,þverráköttur vöðvi
skeletal system,stoðkerfi
skeleton,magasleði
sketch paper,rissblöð
sketch,rissa
skewed,á ská
skewed,skakkur
skewer,grillspjót
skewer,steikarteinn
skew,skekkja
skid,rása
skilled,færasta
skill,færni
skimmed milk,undanrenna
skim milk,undanrenna
skin,hörunds
skip,skoppa
skive,skrópa
skull-cap,kollhúfur
sky,himinn
slacker,letihaugur
slammer,steinn
slam,skella
slap on the face,löðrunga
slave girl,ambátt
slave girls,ambáttir
slavery,þrælahald
sleeve,hólkur
sleeve,pokahorn
slice,geirinn
slide from a presentation,glæra
slide,lauma
slide,renna
sliding door,rennihurð
slightly,ívið
slightly,ofurlítill
slim down,megra
slingshot,slöngva
slingshot,teygjubyssa
slip,lauma
slippery,háll
Slippery Jack,furusúlungur
Slippery Jack,furusveppur
slip,renna
slipshod,ófínn
slip,skrika
slit,raufina
slope coefficient,hallatala
slop,jukk
slot,raufina
slouching,álútur
slowly but surely,hægt og bítandi
slow news season,gúrkutíð
sluggish,daufum
sluggish,sljór
slug,snigill
slur,blettur
slur,munnsöfnuður
slush avalanche,krapaflóð
slush,krap
slushy avalanche,krapaflóð
sly,slóttugur
smack,slást
smack,smella
small boy,patti
small chest,skrín
smaller,smærri
small invalid,smástrái
small miserable person,örverpi
small pancake,lumma
small stuff,smáatriði
smarmy,smeðjulegur
smart,smart
smart,snidugt
smell,ilma
smell,lykta
smidgen,ögn
smile,brosa
smirk,glotta
smithereens,mask
smoke,svæla
smoky,svældur
smoothing,jöfnun
smugly,drýgindalega
snack,millimál
snack,snarl
snail,doppa
snail,snigill
snap,hreyta
snap,smella
snarl,hreyta
snatch,þrifist
sneakers,strigaskónum
sneakers,strigaskór
sneak,lauma
sneeze,hnerra
sneeze,hnerri
sniffle,sjúga upp í nefið
snore,hrjóta
snorted,hnussaði
snort,hnussa
snow cover,snjóþekja
snow drift,fjúk
snow,mjöll
snowstorm,hríð
snuggle,kúra
soar,svífa
social activity,félagsleg virkni
socially risky,áhættusöm
social science,félagsvísindi
socket,hólkur
softball,mjúkbolti
software application,hugbúnaður
software application,viðfang
solace,huggun
solar eclipse,sólmyrkvi
sole of one's foot,il
sole of shoes,skósóli
sole of shoes,sóli
Solinium pulse,sóliníumgeisla
solutions oriented,ráðningar
solution,úrræði
solution,útkoma
solved,upplýst
solvency,gjaldþol
solvency,greiðslugeta
solvent,leysir
sombre,þungbúnu
somebody from the same district,sveitungi
some,fáeinar
some kind of,e.k. eins konar
some,nokkru
someone from Reykjavík,reykvískur
somersault,heljarstökk
somersault,kollhnís
some sort of,e.k. eins konar
something new,nýnæmi
somewhat,ögn
sonata,sónata
soon,senn
Sophocles,Sofokles
Sophocles,Sófókles
sorcerer,galdrakarl
sorcerer,seiðkarl
sorrow,harmkvæli
Sorry I just thought of something funny,Afsakið ég var bara að hugsa dálítið fyndið
sought after,eftirsóttur
soundproofed,hljóðeinangraður
soundtrack,hljóðið
source language,frummál
source of,-gjafi
source of water,vatnsból
source of water,vatnslind
sources of law,réttarheimild
source,uppspretta
southern,suðrænn
space jet,geimþota
space,millibili
spaceplane,geimþota
space probe,könnunarfar
space,rúmi
spam filters,ruslpóstsía
spanked in the butt,taka í rassinn
spank,rasskella
spare,firra
spark,neistaflug
sparrow,spörfugl
spat,hreytti
spat,hrogn oystra
spawn,ala af
spawn,elur af
speaker diarization,samræðugreind
speaker,mælandi
speaker,málhafa
speaker recognition,mælandakennsl
Spearman’s rho,raðfylgnistuðul
special effects,tæknibrellurnar
special forces,víkingasveit
specialized,sérhæfð
special orders,einsskiptis sérpantanir
special,spes
specific,ákveðnum
spectacular,stórfenglega
speculate,spekúlera
speech analyser,talgreinir
speech analysis,talgreining
speech applications,taltæknihugbúnaði
speech coding,talkóðun
speech coding,talkótun
speech encryption,dulritun tals
speech enhancement,endurbót tals
speech input – assessment and evaluation,mat á talinntaki
speech interaction,talsamskipti
speech interaction technology,talsamskiptatækni
speech,mál
speech,ræða
speech recognition module,talkennsleining
speech recognition,talgreining
speech recognition,talkennsl
speech recognizer,talþekkjari
speech retrieval,talheimt
speech synthesis evaluation,mat á talgervingu
speech synthesis,talgerving
speech synthesizer,talgervill
speech,tala
speech technology,taltækni
speech-to-text,talgreining
speedway,hraðbraut
speedy,skjótur
spell-checker,stafrýnir
spell checking,stafrýni
spell,töfraþula
spike,broddur
spike,gaddur
spin-dryer,þeytivinda
spinning,spuni
spin the bottle,flöskustútur
spiral,gormur
spirited discussions,æsingaræðum
spiteful,illkvittinn
spite,illkvittni
spit of land,eyri
splash,busl
splash,gusa
splash,skvetta
spleen,milta
splendor,reisn
splendour,reisn
splinter,flís
split,klofinn
spoken dialogue systems,samræðukerfi fyrir tal
spoken language corpora,málheildir talmáls
spoken language dialogue,samræða í tali
spoken language generation,gerving talmáls
spoken language input,talmálsílag
spoken language understanding,skilningur talmáls
spoken output technologies,talmálsfrálagsaðferðir
spokesman,formælandi
spokesman,talsmaður
spongy,svampkenndu
spook,hræða
spoor,spor
spot,doppa
spotlight,kastari
spots,á kafla
spotted catfish,hlýri
spotted catfish,steinbítsbróðir
Spotted Shag,flekkskarfur
spout,stútnum
spout,stútur
spray,úða
spread,strá
spring,gormur
spring,skoppa
spring,vatnsból
sprite,hrekkálfur
sprocket,keðjuhjól
sprout,forrækta
spur,spurn
spurt,bunu
spyware,hlerunartæki
squad,sveit
squalid,sóðaleg
squared away,ganga upp
square,ferkantað
square,kvittur
squash,kremja
squash,mannþröng
squat,hnébeygja
squeezer pouch,skvísa
squeeze,skvísa
squid,smokkur
stability,stöðugleiki
stability,stöðuleiki
stack,stafla
stack,stafli
staff,prík
staged,setja á svið
stage,svíðsetja
staging,sviðsetning
stagnate,staðna
stairs,tröppur
stair,trappa
stamina,þol
stamina,þrek
stamp,stappa
standard costs,staðalkostnað
standard costs,staðalkostnaður
standard deviation,staðalfrávik
standardized form,stöðluðu formi
standard,mælikvarða
standard,mælikvarði
standard,staðall
standard work,undirstöðurit
stand-in,staðgengill
stands,standa
stand-up comedian,uppistandari
stapled,vírheft
starch,línsterkja
stare,einblína
stare,einblínum
stare,glápa
stare,góna
starfish,krossfiskur
starflower,hjólkróna
starflower,svalasjöstjarna
starting point,útgangspunktur
start legal proceedings,höfðar
start moving,stjá
start state,upphafsstöðu
starved,soltinn
state,kváðust
statement of comprehensive income,yfirlit um heildarafkomu
statement of intent legally,löggerningi
statements,fullyrðingar
static budget,stofnáætlun
static,suð
statistical language model,tölfræðilegt mállíkan
statistical machine translation,tölfræðistudd vélþýðing
statistical modeling and classification,tölfræðileg líkanagerð og flokkun
statistical taggers,líkindamarkarar
statistical taggers,tölfræðimarkarar
statistic,mælitala
statue of limitations,fyrning
statute of limitations,fyrning
statute of limitations,úrelding
statutory lien,aðfararveð
statutory,lögráða
stay alive,hafa það af
stay firm,haggast
stay,halda til
stay out,aðgangur bannaður
stay,una
steadfast,stöðugt
steadfast,stöðugur
steadily,jafnt og þétt
steadiness,stöðugleiki
steadiness,stöðuleiki
steaming,rjúkandi
steel,stál
steep,brattur
steep increase,stóraukinn
steering wheel,stýri
Steller's sea-eagle,risahaförn
stemming,stofngreining
stem vowel,stöfnsérhljóð
stench,fnykur
stench,fýla
stench,óþefur
stench,stækju
sterility,ófrjósemi
sternocleidomastoid muscle,höfuðvendir
steward,umráðamaður
stickers,miða
stick figure,spýtukall
stick,kylfa
stick,prík
stick-shift,beinskiptur
stick,stinga
stick to the basics,stiklað á stóru
stick with it,harka af sér
stiff,stirður
stigma,skömm
stimulated,örvað
stimulation,örvun
stimulus,áreiti
stinginess,nískan
stinking,daunillur
stinking,stæka
stinky,þefillan
stipulation,forsendur
stipulations,tilskilins
stir,bær
stir in one's sleep,rumskað
stitch,lykkja
stitch,prjón
Stjarnfræði,astronomy
Stjarnvísindi,astronomy
Stjörnufræði,astrology
Stjörnufræði,astronomy
stochastic taggers,líkindamarkarar
stochastic taggers,tölfræðimarkarar
stock,kraftur
stolen goods,þýfi
stoma,loftauga
stoma,munnop
stoma,munnur
stoma,mynni
stoma,op
stoma,rauf
stoma,stóma
stoma,tengiop
stoma,veituop
stoned,skakkur
stones,grjóti
stop dead,snarstansa
stop epenthesis,lokhljóðsinnskot
stop for a rest,æja
stop,nam staður
stopper,tappi
stop,stöðvuð
stopwatch,skeiðklukka
stopword,stopporð
stopword,váorð
storage,varðveislu
storm,óveður
storm,vaða
storyteller,sögumaður
stout,digur
straight away,í einum grænum
straight away,um leið
straight line depreciation,línulega afskrift
strait,mannþröng
strait,sund
strangle,kyrki
strategic,skipulagt
strategic,skipulegur
strategising,stefnumótun
strategy,stefnu
strategy,stefnumótun
stray,óþekkur
streaming,flóandi
street light,götuljós
strengthening,herðin
strength loss,styrkleikamissir
strength,máttur
strength,megn
strength,styrkleiki
strength,þrek
stress,árétta
stretched,þandist
striated muscle,rákavöðvi
striated muscle,þverrákóttur vöðvi
strict,strangur
strike,ljósta
striking,áberandi
strip mall,þjónustukjarna
stroke,heilablóðfall
stroke,slag
strong,óflug
structure,burðarvirki
structure,byggja upp
structure,formgerð
structure,gerð
struggle,bisa
struggle,bjástra
struggle,etja
struggle,viðureign
struggle with,kljást
strut,arka
strut,reigsa
strut,strunsa
student housing,garðarnir
student housing,stúdentagarðar
student rights office,réttingaskrifstofa SHÍ
student rights office,skri
stud,takkaskór
study,lestur
stuffed,uppstoppaðan
stuff,efniviður
stupefy,deyfa
stupefy,sljóvga
stupid babbling,heimskuhjal
stupid,ör
style,stíll
stylish,smart
styrofoam,frauðplasti
subconscious,undirmeðvitund
subjectivism,hughyggja
subject matter,efniviður
subject to demands,afturkræfur
subject to necessity,afturkræfur
subject to repayment,afturkræfur
subject,viðfangið
subject,viðfangsefni
subject,þegn
sub-junior category,æskuflokkur
sublet,endurleigu
submarine,neðansjávar
submarine sandwich,langloka
submission,uppgjöfin
subpeona,stefnt
subside,lygndi
subsidize,niðurgreiða
subsistence,afkoma
subsistence,atvinna
subsistence,framfærsla
subsistence,tilvera
substance,efniviður
substance,verund
substantial,drjúgur
substantial,verulegar
substitute,afleysing
substitute,afleysingar
substitute,staðgengill
sub task,undirverk
subterfuge,klækir
subword,orðaflís
succeed,hafa af
succeed,heppnast
success,afrek
success,árangur
success,frami
success,niðurstaða
succinct,hnitmaðaðan
succulent,safajurt
succulent,þykkblöðungur
such as,s.s. svo sem
sucked,sogast
suck,sjúga
suck,soga
suck,totta
suction,sog
sudden-death,bráðabani
suddenly,snögglega
sudden,snöggur
suet,mör
suffering,harmkvæli
suffice,dugir
sufficient,nægileg
sufficient,nægja
suffix,viðskeyti
sugar,strásykur
sugar,sykur
suggest,hniga
suggestion of their take,tillög þeirra ná
suicide,sjálfsmorð
suicide,sjálfsvíg
suitable,hæfari
suitable,hæfilegri
suitable,heppilegt
suitable,tilhlýðilegur
suitable,viðeigandi
suite,svíta
suit,þóknast
summarization,samantekt
summarizer,samantaki
summarizer,samantektartól
summarizer,samantektir
summary,yfirlit
sunk cost,óafturkræfur kostnaður
sunk costs,óafturkræfur kostnaður
sunk cost,sokkinn kostnaður
sunk costs,söguleg kostnaður
sunk costs,sokkinn kostnaður
superior,æðri
superiority,yfirburðir
superstition,hjátrú
supervised learning,leiðbeint nám
supplies,aðföng
supply,leiða
supported,stuðst
support,framfæri
support,framfærsla
support,styðja
support system,stoðkerfi
support vector machines,stoðvigravélar
supposed,meintur
suppose,gera ráð fyrir
suppress,bæla
supreme,æðsta
surfaced,yfirborðið
surface form,yfirborðsgerð
surface,yfirborð
surmise,giska á
surmise,gruna
surname,ættarnafn
surprised,hissa
surprising,flatt
surrender,uppgjöfin
surrogate,staðgengill
surround,umlykja
surveillance,hlerunartæki
surveillance,vöktun
survey,yfirlit
suspected,meintur
sustainability certified,sjálfbærnivottun
sustainable,sjálfbær
swallowed,kokgleypti
swarm,mannþröng
SWAT,víkingasveit
swear,blóta
sweater,peysa
sweat gland,svitakirtill
sweep,sópa
swelling,bólguhnúður
swelling,kúla
swift,skjótra
swift,skjótur
swine,skíthæll
Swiss roll,rúlluterta
switch,sópur
swollen,bólginn
swollen,þrunginn
swoon,öngvit
swordfish,sverðfiskur
syllable,atkvæði
synchronisation,samhæfingu
syndrome,heilkenni
syntactic generation,setningagerving
syntactic parsing,setningaleg þáttun
syntax-driven semantic analysis,merkingarfræði í setningarlegu ljósi
syringa,sýringa
systematic gap,kerfisgat
system,fyrirkomulag
system,kerfi
systems integration,kerfissamþættingu
taciturn,fámáll
taco,taco
taco,takkó
Tae Bo,Tai Bo
taekwondo,taekwondo
tagged corpus,mörkuð málheild
tagger,markari
tagging,mörkun
tag,mark
tagset,markamengi
tagset,markaskrá
tail,skotta
Taiwan Strait,Taívansund
take a blow,beðið hnekki
take advantage of one,notfærir sér
take a look around,skyggnast
take as given,sló <> föstu
take away,svipta
take away,sviptir
take care of,annast
take in,fatta
take into consideration,hliðsjón
take it personally,taka nær sér
take-off,flugtak
take on,fást við
take on,takast á hendur
takes effect quickly,fljótvirk
takes place,ske
talkative,málglaður
talkative,ræðið
tally,stemma
tampon,tíðatappar
tapered,uppmjó
tapestry,veggteppi
tapir,tapír
tap off,hólkur
tardy,síðbúnum
targeted,markvissan
target language,markmál
tariff,álagning
task,iðja
task-specific module,sérhæfð forritseining
task,verk
task,verkefni
tassle,skúfur
taste,hæfi
taste,keimur
taste,nasasjón
taste,nasaþefur
tasty,bragðgóður
tattoo,flúr
tattoo,húðflúr
Taurus,Naut
tax,álagning
tax allowance,hlunnindi
tax assessment,álagningarskatta
tax authorities,skattayfirvöld
tax balance,álagning
tax on revenue,tekjuskattur
tax report,álagning
tax,skattur
teaching arrangement,kennslufyrirkomulag
teaching,fræðslu
teach,skóla
tea infuser,tesía
teal,urtlitur
teasing,striðni
tea strainer,tesía
technical product,tæknileg afurð
technological innovation,tækninýjung
teenage girl,táningsstúlkur
telecommunications equipment,fjarskiptabúnað
temperamental,ör
temperament,skapferli
temper,tempra
tempestuous,skapheitu
temporal expression,tímasegð
temporary tattoo,gervihúðflúr
temptation,freistingin
tempt,lokka
tenacious,þrautseigur
tending,umhirða
tendon,sin
tennis shoes,strigaskór
tense,spenna
tense,stífna
tense,strekkja
tense,þenja
ten,tía
ten,tíu
tent,tjald
ten,tugur
tepid,ylvolgt
teratoma,fjölkímsæxli
term base,íðorðagrunnur
term,hugtak
term,hugtök
terminal,skipanalína
terminal,skjáhermi
terminal,útstöð
terminate,þrjóta
terminology,íðorðaforði
terminology restrictions,íðorðahömlur
terms,forsendur
terrible,agalegur
territory,umdæmi
terror,skelfing
test corpus,prófunarsafn
testicle,eistna
testimony,framburður
testimony,vitnisburður
testing,prófun
test instructions,próffyrirmæli
test set,prófunarhluti
test set,prófunarmengi
test set,prófunarsett
test sets,prófunarlistar
test themselves,reyna með sér
test,tilraun
test,þraut
textbook,kennslubók
text collection,textasafn
text compression,textaþjöppun
text data mining,gagnanám úr texta
text encryption,dulritun texta
text indexing,lyklun texta
text mining/analytics,textanám
text processing system,ritvinnslukerfi
text technology,textatækni
text-to-speech synthesis,talgerving texta
text-to-speech,talgerving
that matches,á borð við
That took him by surprise,Það kom honum sjálfum á óvart.
that was funny,Það var fyndið
that which he didn´t anticipate,það kom honum á óvart.
thaw,leysing
thaw weather,þíðviðri
the arrears register,vanskilaskráin
the attack,adförin
the big picture,stóra samhengið
the blow,höggið
the cherry shrubs,kirsuberjarunnarnir
the escape,flóttinn
the Greeks,Grikkirnir
The Holocaust,Helförin
The Judicial Administration,dómstólasýslan
theme,þema
the next one,þeim næsta
theologist,guðfræðingur
the people,alþýðu
thereby,þar með
thermoreceptor,hitanemi
thermos,brúsi
thesauri wordnets,orðtengslanet
these,eftirtalinna
The Student Cellar,Kja
The Student Cellar,Stúdentakjallarinn
The Student Cellar,Stúdó
the world awaits,veröldin bíður þín
The World Bank,Alþjóðabankanum
thicket,þykkni
thick pancake,skonsa
thigh,læri
thigh meat,lærvöðvar
thimble,fingurbjörg
think,telja
thinly sliced,þunnskorinn
thin,mjór
thin-sliced beef,nautaþynnur
thin stick,pinni
thin stripe,rákum
thin,þynna
this and that,hitt og þetta
this,eftirtalinna
thong,skinnþvengnum
thong,þvenginn
thorn,þyrnir
thoroughly,rækilega
thoughtful,íhugull
thought,hugsun
thoughtlessness,gáleysi
thought,þönkum
threatening letter,hótunarbréf
threatening,ógnandi
threaten,ógna
threshold,síls
threshold,þröskuldur
thrift,nýtni
thrives,þrífast
thrive,þrífst
thrive,þrifust
throat,kok
thrombosis,blóðsegi
thrombus,blóðsegi
thrombus,blóðtappi
throng,aragrúi
throng,fólksþvaga
throng,manngrúi
throng,mannmergð
throng,mannþröng
throng,múgur
throng,sægur
throng,troðningur
throng,urmull
throng,þvaga
throng,þyrping
throw away,fleygjum
throw,varpa
thumbtack,teiknibóla
thunderous applause,dynjandi
thunder,skrugga
thunderstruck,dolfallinn
thus,þar með
thyroid,skjaldbrjósk
thyroid,skjaldkirtill
ticket counter,lúga
tick,tifa
tic tac toe,milla
tic tac toe,mylla
tide line,flæðarmál
tidy up,taki til
tidy up,þríf
tie,batt
tighten,herða
tighten,herti
tile,flís
tilting,skakkur
time away,fjarvera
timely,tímabært
times,sinnum
time,tíðina
time value of money,tímavirði peninga
timid,ragur
tine,tindur
tinted windowpanes,litaðar rúðurnar
tip of the cliff edge,klettabrún
tiresome,hvimleiður
tire tracks,hjólför
tiring,hvimleiður
title deed,afsal
title deed,veðbókarvottorði
title,fyrirsögn
title,yfirskrift
to answer,svara
to ask,spyrja
toaster oven,grillofn
toasting fork,eldskörunginn
to be an ass,asni
to be at,vera staddur
to be called,heita
to become,verða
to be direct,tala hreint út
to begin,hefja
to be honest,vera hreinskilinn
to be in hot water,að sitja í súpunni
To bend,skekkja
to be necessary,krefja
to be reprimanded,taka á beinið
to be situated,vera staddur
to be,vera
to buy,kaupa
to call,kalla
to carry with,hafa í för með sér
to catch,grípa
to cause to lose sense of direction,slá út af laginu
to come,koma
to count,telja
to cry,grenja
to demand,krefja
to describe,lýsa
to disappear,hverfa
to dive,#kafa
to do,gera
to draw in a direction,draga
to eat,borða
to echo,bermála
to entail,hafa í för með sér
toes wriggled,iðuður tær
to fall,falla
to feel,líða
toffee,karamella
to find a needle in a haystack,að finna saumnál í heystakki
to find,finna
to finish,ljúka
to finish the job,setja punktinn yfir i-ið
to follow,fylgja
to forget,gleyma
to get,fá
to give,gefa
to go,fara
to growl,urra
to have/bring on the journey with oneself (very literal translation),hafa í för með sér
to have,eiga
to have,hafa
to have such and such consequence,hafa í för með sér
to hear,heyra
to hide,fela
to hiss,hvæsa
to hold,halda
toil,at
toilet rim block,salernissteinn
toilet rim block,wc steinn
to insist,krefja
token-based errors,stakorðavillur
token (frame),tóki
token (information),tóki
tokenization and segmentation,tákngreining og sneiðing
tokenization and segmentation,tókun og skipting
tokenization,tilreiðsla
tokenization,tókun
tokenizer,tilreiðari
tokenizer,tókari
to knit,prjóna
to know (a person),þekkja
to know,kunna
to laugh,hlæja
to lead,leiða
to learn,læra
tolerable,viðunandi
tolerate,þola
to let,láta
to lick,sleikja
to lie down,liggja
to list some possibilities,svo að dæmi séu tekin
to list some possibilities,svo dæmi séu tekin
to live,búa
to live,lifa
toll-free number,grænt númer
to make oneself,halla sér
to match figuratively,hæfa
tombóla,tombóla
tomcat,fress
to mention,nefna
Tommi's Burger Joint,Búllan
to move,færa
to move,flytja
to not be honest,hafa óhreint mjöl í pokahorninu
tonsil,hálseitill
tonsil,hálskirtill
To obscure,skekkja
tool,græjum
too long,von úr viti
tool,verkfærin
too much,megn
to open,opna
top-down,ofansækinn
to perfection,setja punktinn yfir i-ið
topic detection,efnissviðsgreining
topic,viðfangsefni
to play a team sport with more players on  the field than the other team,að spila í yfirtölu
topless,topplaus
toponym,örnefni
topple,koma frá manni
top,tappi
to read,lesa
to realize,gera sér ljóst
to recount,rifja upp
to refresh one's memory,rifja upp
to review,rifja upp
to revive,lífga
torment,kvelja
torment,pína
torso,bolur
tortilla chips,nachos
torture,pína
torturous,pínandi
to run,hlaupa
to say,segja
to search,leita
to see,sjá
to send,senda
to shove,stjakaði
to sit,sitja
To skew,skekkja
to solve disagreements,að leysa ágreining
to speak,tala
to squander,kasta á glæ
to start,byrja
to start with,framan af
to stop,hætta
to submit,leggja
total assets,heildareignir
total cost,heildarkostnaður
total cost,heildar kostnaðurinn
total darkness,kolniðamyrkur
total eclipse,almyrkvi
totally,aldeilis
total,óskoraðan
to teach,kenna
to the best of my knowledge,eftir bestu vitund
to the fullest,út í ystu æsar
to think,hugsa
to tilt,skekkja
to tithe,tíunduð
totter,staulaðist
to turn,snúa
toughen up,harka af sér
tough guy,kallakall
tough it out,harka af sér
tough,þrautseigur
to understand,skilja
to use,nota
to walk,ganga
toward oneself,í eigin garð
towards,gagnvart
towards the rear,aftarlega
to warp,skekkja
to watch,horfa
to watch,líta
tow hook,dráttarkúla
to work at the docks,vinna á eyrinni
to work in town,vinna á eyrinni
to work,vinna
to write,skrifa
tow truck,kranabíla
toxic,agaður
toy system,leikfangakerfi
trace,rekja
trace,snefill
traffic accident,umferðaróhapp
traffic safety fee,umferðaröryggisgjald
trailer,hjólhýsi
trailer trash,hvítt hjólhýsapakk
trainers,æfingaskór
trainers,strigaskór
training corpus,þjálfunarmálheild
training corpus,þjálfunarsafn
training,fræðslu
training set,þjálfunarsett
training shoes,æfingaskór
tramp,umrenningur
trance,leiðsla
trance,trans
transceiver,talstöð
transfer,framsal
transfer,framseldur
transfer,yfirfæra
transfer,yfirfærsla
transfixed,heillaður
transformation-based taggers,leiðréttingamarkari
transformation-based taggers,námsfúsir markarar
translation memory,þýðingarminni
transparent,gegnsær
trapezius,sjalvöðvi
trap,gildra
trauma,áverki
tread,feta
tread water,troða marvaðann
treasury,fjárvarsla
treat,góðgjörðir
treatment of material,efnistök
treat,nammi
treat,veitingar
tree adjoining grammar,trjátengslamálfræði
treebank,trjábanki
tree-top,króna
tremendously,afskaplega
tremor pulse,óróapúls
trial,þraut
tribe,ættbálkur
triceps,þríhöfði
trident,þríforkur
trigger,gikkur
trigram,þrennd
trigram,þrístæða
trinity,þrenning
triphones,þrístæða
trodden,troðinn
tropical,suðrænn
trot,skálma
trouble,fyrirhöfn
troublemaker,leiðindagaur
trouble,trafala
trough,lægð
true Iceland lichen,fjallagrös
trunk,skotta
trust,fjárhald
trust,tiltrú
trustworthy,ábyggilegir
trustworthy,áreiðanlegur
truth-conditional semantics,sannkjaramerkingarfræði
tub,bali
tube,hólkur
tuberculosis,berklar
tuberculosis,tæring
tube,rör
tub,ker
tufted puffin,topplundi
Tufted Vetch,Umfeðmingur
tuft,skúfur
tulip bulb craze,túlípanafárið
tumor,æxli
tumult,uppþot
Tunisia,Túnis
turbid,gruggugur
turf house,torfbær
turning point,tímamót
turn off,slökkva
turnover,bakkelsi
turnover,kruðerí
turnover,sætabrauð
turnover,velta
turns,vikið
turquoise,blágrænn
turquoise,grænblár
turquoise,túrkis
turquoise,túrkís
turquoise,túrkisblár
TVM,tímavirði peninga
twig,kvist
twin towns,vinabæir
twisted,brengluð
two-factor,tvíþættur
twopence,túskildingur
two-story,tvílyftur
Type I error,höfnunarmistök
Type II error,fastheldnismistök
types,gerðir
type,stíll
type,vélrita
typewritten,vélritað
UFO,FFH
UHT,leifturhitaðar
ultra-high temperature treated,leifturhitaðar
ultra pasteurized,leifturhitaðar
ultra-processed foods,ofurunnum matvælum
unaffected,hispurslaus
unanimous,samhljóða
unbound,óbundinn
uncared for,vanrækt
unchanged,söm
unclassy,gálulegur
uncomfortable,óþægilegur
unconditional,afdráttarlaus
unconditional,skilyrðislaust
unconscious knowledge,ómeðvitað kunnátta
uncool,hallærislega
under applied,vanáætlað
undercosted,vanmetinn
undercosted,vanreiknaður
undercosted,vanreiknuð
undercover cop,leynilögga
undergo,þola
under lock and key,var bak við lás og slá
underlying cause,undirrótin
underlying form,baklæg gerð
under-resourced,gagnanaumur
understandable,skilmerkilega
understand,botna
understood,umsamin
under the covers,undir sænginni
underway,á prjónunum
undo,leystur
undoubtedly,eflaust
undoubtedly,ugglaust
undulate,dúa
uneasy,órótt
unemployment advisor,handleðara
unequal payment schedule,ójafna greiðsluröð
unequivocal,ótvírætt
unexpected good fortune,rúsínan í pylsuendanu
unfinished,ófullgerðar
unforgiving,langrækin
unidentified flying object,fljúgandi furðuhlutur
uniform,samkynja
unigram,eind
unigram,einstæða
uninhabitable,óíbúðarhæft
uninhibited,óheft
uninterrupted,samfleytt
unit level,einingastig
units,einingar
universal,sammannlegt
universal sensor,alneminn
universe,alheimur
University of Iceland,Háskóli Íslands
University of Iceland,Háskólinn
University Square,Háskólatorg
university square,HT
unkempt,úfinn
unknown word guesser,giskari
unlimited,óskoraðan
unpleasant,ógeðfelldur
unpleasant,óviðfelldinn
unpretentious,látlausri
unprompted,sisona
unqualified,vanhæfum
unreliable,óáreiðanlegt
unremitting,þrotlaus
unruly,vanstillt
unscrupulous,ófínn
unsteady,valt
unstressed,áherslulaus
unsubscribe,afskrá
unsupervised learning,óleiðbeint nám
unsupervised learning,viðgjafarlaust nám (helst ekki)
unsuspecting,grandlaus
unused production capability,ónýtt framleiðslugeta
unusual,sérstaka
unveil,afhjúpa
up against,upp við
up against,uppvið
upcoming,á döfinni
upheaval,umrót
upholster,bólstraðir
upkeep,viðhald
upper-class men,háaðalsmennirnir
uproarious,rokinn
upset,æstur
upset,truflun
upset,uppnám
urgency,sprengur
urn,ker
urology,þvagfæralæknisfræði
usability and interface design,nytsemi og viðmótshönnun
usage rights owner,afnotahafa
use,afnot
use as a reference,styðjast við
use as a source,styðjast við
use,gagna
use,hliðsjón
useless,fánýta
use,not
use of materials,efnisnotkun
user interface,notendaviðmót
user modeling,notendahönnun
user query,fyrirspurn notanda
usually,að jafnaði
usually,yfirleitt
utility,notagildi
utilize,nýttir
utterance,yrðingar
utterly,algerlega
utterly,alveg
utterly,fullkomlega
vacant,auður
vacant,tómur
vacate,rýma
vagabonds,farandlýður
valetudinarian,heilsulinur maður
valetudinarian,óhraustur
validity,réttmætri
valour,hreysti
value-added tax (VAT),virðisaukaskattur
value,andvirði
value creation,virðissköpun
value,notagildi
value,virði
value vs. cost,virðismat eigna
vanvirkni,dysfunction
variable cost,bk breytilegur kostnaður
variable costs,breytilegur kostnaður
variable indirect costs,breytilegur óbk
variable indirect costs,breytilegur óbk (óbein kostnaðar)
variance,dreifitala
variance,frávik
variances,frávik
variant,tilbrigði
variation,tilbrigði
various kinds,ýmsu tagi
vascular disease,æðasjúkdóm
vat,ker
vaulted ceiling,hvelfing
vaulted,valt
vault,hvelfing
vegetative growth phase,geldvexti
vehemence,ofsi
veil,blæja
vellum,bókfell
velvet,flauel
veneer,spónn
venerable,æruverðugu
veneration,lotningu
verbal agreement,samkomulag
verbal cues,munnleg merki
verbalize,fjölyrða
verbalize,orða
verdict,úrskurðar
verdict,úrskurðum
verifiable,sannanlegum
verify,sannreynd
verify that,ganga úr skugga um
verse,vísa
versions,gerðir
version,útgáfur
versus,á móti
versus,gegn
vertex,hnútur; punktur; grannhnútur
vertical,þverhníptur
very fat,spikaður
very,fjarska
very slowly,löturhægt
very steep,snarbröttu
vessel,ílát
vessel,ker
viaduct,dalbrú
victim,fórnarlamb
video call,myndsimtal
video file,myndbandsskrá
viewpoint,sjónarmið
vigilance,árvekni
vigor,fjör
viking squad,víkingasveit
villa,sveitasetur
violence,ofbeldi
violence,ofsi
Virgo,Meyja
virtual currency,sýndareigna
virtual currency,sýndarfé
virtual,sýndar-
visage,ásjónur
visage,ásýnd
visible,sýnilegan
visit,vitja
vitality,fjör
vitality,þróttur
vitamin,bætiefni
vitreous,glerkenndur
vocal organs,talfærin
voicemail,talskilaboð
voice recognition,raddkennsl
voice recognition,raddþekking
voice,rómur (usually used as a suffix)
voice user interface,raddstýrt notendaviðmót
void,ógildur
voids,fyrnast
volatile,ör
volcano,eldfjall
volcano,eldgos
volcano,gos
volley,dempa
volume,rúmmál
voting in the referendum,þjóðaratkvæðagreiðsla
vowel,sérhljóð
v-sit,hávinkill
vulgar jokes,dónabrandarar
wait,bíða
wakefulness,andvökur
walkie-talkie,labbrabbtæki
walkie-talkie,talstöð
walking shoes,götuskór
walking trail,gönguleið
wall of cliffs,hamrabelti
walls instead of boundaries,veggir í stað marka
wander,flakka
wander,ráfa
wanted,eftirlýstur
warlock college,seiðskrattaskólanum
warlock,galdrakarl
warp,skekkja
warranty,ábyrgð
war,styrjaldar
wash our hands of him,láta sigla sinn sjó
was in the mood,var í hamnum
wasp queen,geitungadrottning
wasting away,tærðist
wasting,tærst
watchfulness,árvekni
water bottle,brúsi
watercourse,farvegur
water level,vatnsborð
watermelon,melóna vatns
water's edge,flæðarmál
watershed,tímamót
water source,vatnsból
water source,vatnslind
watery,vætusamt
watt,kerti
watt,vatt
waver,efasemdir
waver,skalf
wave,vinka
wax,bón
way,leið
weakling,aumingi
weakling,væskill
weak-mindedness,breyskleika
weak spot,bláþráður
weak spot,veikleiki
weak-willed,veiklundaðan
wealth wellbeing,efnahagur
wealthy,auðfýkingur
weary,aðframkominn
weary,luinn
weather conditions,veðrabrigði
weather it out,harka af sér
web application,vefviðmót
web portal,mínar síður
web search engine,vefleitarvél
web search,vefleit
web user interface,vefviðmót
weed,stuð
weft,ívaf
welcome,viðtöku
welfare ministry,velferðarráðuneytisins
well done,veldonn
well-established,gróinn
well rested,úthvíldur
well,vatnsból
wet snow avalanche,krapaflóð
what a sort of,hvílíkur
What does that tell us,Hvað segir þetta okkur
whatever,yfirhöfuð
What exactly is being spoken about?,Hvað fjallar eiginlega um?
What is actually being discussed?,Hvað fjallar eiginlega um?
whatsoever,yfirhöfuð
wheel,stýri
whiff,snefill
while,hríð
whim,spurn
whiny,frekur
whisk,hrísla
whistle,blístra
whistleblower,uppljóstrari
whistle,gnauða
whistle,pípa
whistling,gnauðið
white trailer trash,hvítt hjólhýsapakk
white trash,hvítt hjólhýsapakk
whitewash,hvítþvo
whither,hvert
whittle,tálga
whole grain,heilkorna
wholesaler,heildsali
why,af hverju
why,hvers vegna
why,hví
wide-awake,glaðvaknaði
widen,breikka
wide open,galopinn
wide-ranging,víðtæk
wide,víður
wield,beita
wiggle,juða
wildcard character,algildisstafur
wilderness,óbyggðir
will be,verða
will come along,fellur til
willing,fús
will,muni
will,munu
willow,víðir
will,vilyrði
wimp,héri
wind noises,vindgnauð
window pane,rúða
wing,álma
winged,skjótur
wing,vængur
wingy,skjótur
wink,drap tittlinga
wino,róni
wipe out,afmá
wiper blades,þurrkublöð
WIP(work in progress),Vörur í vinnslu í byrjun tímabils
wire cutters,bítari
wire,vír
withdrawal,úttekt
withered,skrælnaður
withered,visinn
withered,visnaður
without falter,hnökrar
withstand,sporna við
with that,þar með
wizard,galdrakarl
wizard,seiðkarl
wobbly,valt
wolf,úlfinn
womanizing,kvennafar
wonder,furða
wonder,spurn
wonder,undur
woodpecker,spæta
wood,viður
woof,ívaf
wool-like,ullarkennd
word embedding,orðagreyping
word embedding,orðaívefja
word errror rate,villutíðni orða
word formation,orðmyndun
word form,orðmynd
wordless from surprise,hvumsa
wordnet,orðanet
word processing tools,ritvinnsluforrit/-tól
word search,orðaleit
word sense disambiguation,einræðing orða
word sense disambiguation,merkingareinræðing
word sense,merkingarkjarni
word sense,merkingarsvið orða
word sense,merkingarþættir orða
word speech recogniser,stakorðagreinir
work,ganga upp
work,iðja
working budget,rekstraráætlun
work in process inventory,verk í vinnslu
work-in-progress,vörur í vinnslu
workmanship,frágang
work method,vinnubrógðum
workout,starfsemi
work procedure,vinnubrógðum
work report,verkskýrslur
work report,vinnuskýrslur
works,gangverk
worksheet,samræmingarblaði
work,unnar
work,verk
worldly existence,jarðlífinu
worldview,heimssýn
worldview,veraldarsýn
wormhole,ormagryfjuna
worry,kveið
worship,dýrkun
worth it,borgar sig
worth it,skila
worthless,einskis virði
worth,virði
wort,urt
wound,áverki
wrap,hjúpa
wretchedly,eyrmdarlega
wretchedness,eymd
wretchedness,volæði
wretch,óféti
wriggle,brölti
wriggle,sprikla
write-off,eftirgjafar
write-off,eftirgjöf
writ of execution,aðfarar
writ of execution,aðför
written language corpora,málheildir ritmáls
written language input,ritmálsílag
wuss,kisa
xanthan gum,xanthangúmmí
yardstick,mælikvarða
yarn needle,garnnál
yawn,geispa
yeah,je
year,árgangs
year before last year,hittiðfyrra
yearning,löngun
yearning,þrá
yeast,ger
yeast infection,sveppasýking
yet to arrive,ókominn
yield,afrakstur
yield,arðsemi
y-intercept,skurðpunktur
YMCA and YWCA,KFUM og KFUK
yoke,klafi
young adult,ungfó
youngest child,örverpi
young mens christian association,kristileg félög ungra manna
young stallion,foli
your,yðvart
youth,æska
youth,æskunnar
zeal,ákafi
zeal,eldmóður
zealous,ákafa
Zeus,Seifur
zither,sítar
